127,126,ARGUMENT
128,127,ARGUMENT
128,125,ARGUMENT
131,130,ARGUMENT
133,131,ARGUMENT
133,132,ARGUMENT
134,129,ARGUMENT
134,133,ARGUMENT
137,136,ARGUMENT
138,137,ARGUMENT
140,139,ARGUMENT
141,140,ARGUMENT
142,138,ARGUMENT
142,141,ARGUMENT
143,135,ARGUMENT
143,142,ARGUMENT
147,145,ARGUMENT
147,146,ARGUMENT
148,144,ARGUMENT
148,147,ARGUMENT
151,150,ARGUMENT
152,151,ARGUMENT
153,152,ARGUMENT
153,149,ARGUMENT
156,155,ARGUMENT
157,156,ARGUMENT
159,157,ARGUMENT
159,158,ARGUMENT
160,154,ARGUMENT
160,159,ARGUMENT
163,162,ARGUMENT
164,163,ARGUMENT
166,164,ARGUMENT
166,165,ARGUMENT
167,161,ARGUMENT
167,166,ARGUMENT
169,172,ARGUMENT
169,173,ARGUMENT
171,170,ARGUMENT
172,171,ARGUMENT
174,168,ARGUMENT
174,169,ARGUMENT
177,176,ARGUMENT
178,177,ARGUMENT
178,175,ARGUMENT
181,180,ARGUMENT
183,181,ARGUMENT
183,182,ARGUMENT
184,179,ARGUMENT
184,183,ARGUMENT
187,186,ARGUMENT
188,187,ARGUMENT
190,188,ARGUMENT
190,189,ARGUMENT
191,185,ARGUMENT
191,190,ARGUMENT
193,196,ARGUMENT
193,197,ARGUMENT
195,194,ARGUMENT
196,195,ARGUMENT
198,192,ARGUMENT
198,193,ARGUMENT
201,200,ARGUMENT
202,201,ARGUMENT
202,199,ARGUMENT
205,204,ARGUMENT
207,205,ARGUMENT
207,206,ARGUMENT
208,203,ARGUMENT
208,207,ARGUMENT
211,210,ARGUMENT
212,211,ARGUMENT
212,209,ARGUMENT
215,214,ARGUMENT
217,215,ARGUMENT
217,216,ARGUMENT
218,213,ARGUMENT
218,217,ARGUMENT
221,220,ARGUMENT
223,221,ARGUMENT
223,222,ARGUMENT
224,219,ARGUMENT
224,223,ARGUMENT
227,226,ARGUMENT
229,227,ARGUMENT
229,228,ARGUMENT
230,225,ARGUMENT
230,229,ARGUMENT
233,232,ARGUMENT
234,233,ARGUMENT
236,235,ARGUMENT
237,234,ARGUMENT
237,236,ARGUMENT
238,231,ARGUMENT
238,237,ARGUMENT
242,240,ARGUMENT
242,241,ARGUMENT
243,239,ARGUMENT
243,242,ARGUMENT
247,245,ARGUMENT
247,246,ARGUMENT
248,244,ARGUMENT
248,247,ARGUMENT
252,250,ARGUMENT
252,251,ARGUMENT
253,249,ARGUMENT
253,252,ARGUMENT
257,255,ARGUMENT
257,256,ARGUMENT
258,254,ARGUMENT
258,257,ARGUMENT
262,260,ARGUMENT
262,261,ARGUMENT
263,259,ARGUMENT
263,262,ARGUMENT
265,264,ARGUMENT
266,265,ARGUMENT
268,266,ARGUMENT
268,267,ARGUMENT
270,268,ARGUMENT
270,269,ARGUMENT
272,270,ARGUMENT
272,271,ARGUMENT
273,272,ARGUMENT
275,274,ARGUMENT
276,275,ARGUMENT
276,273,ARGUMENT
279,278,ARGUMENT
281,279,ARGUMENT
281,280,ARGUMENT
282,277,ARGUMENT
282,281,ARGUMENT
285,284,ARGUMENT
286,285,ARGUMENT
286,283,ARGUMENT
