2,351,REF
4,3,REF
6,5,REF
9,8,REF
18,17,REF
20,19,REF
24,23,REF
47,46,REF
50,49,REF
59,58,REF
62,61,REF
65,64,REF
72,71,REF
75,74,REF
86,85,REF
89,352,REF
125,99,REF
126,100,REF
129,105,REF
130,100,REF
135,106,REF
144,107,REF
146,106,REF
149,107,REF
154,108,REF
161,109,REF
168,110,REF
175,110,REF
176,101,REF
179,111,REF
180,101,REF
185,112,REF
192,113,REF
199,113,REF
200,102,REF
203,114,REF
204,102,REF
210,103,REF
213,115,REF
214,103,REF
219,116,REF
220,103,REF
225,117,REF
226,103,REF
231,118,REF
235,103,REF
239,119,REF
241,118,REF
244,120,REF
245,119,REF
249,121,REF
251,120,REF
254,122,REF
256,121,REF
259,123,REF
261,122,REF
267,123,REF
274,104,REF
277,124,REF
278,103,REF
283,124,REF
284,103,REF
314,315,REF
316,317,REF
318,319,REF
320,321,REF
322,323,REF
324,325,REF
326,327,REF
329,330,REF
331,332,REF
333,334,REF
335,336,REF
337,338,REF
341,342,REF
344,345,REF
346,347,REF
348,349,REF
