93,411,PARAMETER_LINK
94,412,PARAMETER_LINK
95,413,PARAMETER_LINK
99,414,PARAMETER_LINK
291,415,PARAMETER_LINK
292,416,PARAMETER_LINK
296,417,PARAMETER_LINK
297,418,PARAMETER_LINK
301,419,PARAMETER_LINK
302,420,PARAMETER_LINK
306,421,PARAMETER_LINK
307,422,PARAMETER_LINK
311,423,PARAMETER_LINK
312,424,PARAMETER_LINK
354,425,PARAMETER_LINK
358,426,PARAMETER_LINK
359,427,PARAMETER_LINK
363,428,PARAMETER_LINK
364,429,PARAMETER_LINK
368,430,PARAMETER_LINK
372,431,PARAMETER_LINK
373,432,PARAMETER_LINK
377,433,PARAMETER_LINK
378,434,PARAMETER_LINK
382,435,PARAMETER_LINK
383,436,PARAMETER_LINK
387,437,PARAMETER_LINK
388,438,PARAMETER_LINK
392,439,PARAMETER_LINK
393,440,PARAMETER_LINK
397,441,PARAMETER_LINK
398,442,PARAMETER_LINK
402,443,PARAMETER_LINK
403,444,PARAMETER_LINK
407,445,PARAMETER_LINK
408,446,PARAMETER_LINK
