127,353,CALL
128,357,CALL
131,353,CALL
133,362,CALL
134,357,CALL
137,367,CALL
138,353,CALL
140,367,CALL
141,353,CALL
142,371,CALL
143,357,CALL
147,376,CALL
148,357,CALL
151,367,CALL
152,353,CALL
153,357,CALL
156,367,CALL
157,353,CALL
159,362,CALL
160,357,CALL
163,367,CALL
164,353,CALL
166,362,CALL
167,357,CALL
169,288,CALL
171,367,CALL
172,353,CALL
174,357,CALL
177,353,CALL
178,357,CALL
181,353,CALL
183,362,CALL
184,357,CALL
187,367,CALL
188,353,CALL
190,362,CALL
191,357,CALL
193,288,CALL
195,367,CALL
196,353,CALL
198,357,CALL
201,353,CALL
202,357,CALL
205,353,CALL
207,362,CALL
208,357,CALL
211,353,CALL
212,357,CALL
215,353,CALL
217,381,CALL
218,357,CALL
221,353,CALL
223,386,CALL
224,357,CALL
227,353,CALL
229,386,CALL
230,357,CALL
233,367,CALL
234,353,CALL
236,353,CALL
237,391,CALL
238,357,CALL
242,376,CALL
243,357,CALL
247,396,CALL
248,357,CALL
252,371,CALL
253,357,CALL
257,376,CALL
258,357,CALL
262,376,CALL
263,357,CALL
265,367,CALL
266,353,CALL
268,401,CALL
270,401,CALL
272,406,CALL
273,353,CALL
275,353,CALL
276,357,CALL
279,353,CALL
281,371,CALL
282,357,CALL
285,353,CALL
286,357,CALL
