952,951,ARGUMENT
953,952,ARGUMENT
953,950,ARGUMENT
956,955,ARGUMENT
957,956,ARGUMENT
957,954,ARGUMENT
959,958,ARGUMENT
961,959,ARGUMENT
961,960,ARGUMENT
963,961,ARGUMENT
963,962,ARGUMENT
964,963,ARGUMENT
966,965,ARGUMENT
967,966,ARGUMENT
967,964,ARGUMENT
970,969,ARGUMENT
972,970,ARGUMENT
972,971,ARGUMENT
974,972,ARGUMENT
974,973,ARGUMENT
975,974,ARGUMENT
976,968,ARGUMENT
976,975,ARGUMENT
978,977,ARGUMENT
979,978,ARGUMENT
979,976,ARGUMENT
982,981,ARGUMENT
984,982,ARGUMENT
984,983,ARGUMENT
986,984,ARGUMENT
986,985,ARGUMENT
988,986,ARGUMENT
988,987,ARGUMENT
990,988,ARGUMENT
990,989,ARGUMENT
991,990,ARGUMENT
992,980,ARGUMENT
992,991,ARGUMENT
998,997,ARGUMENT
1000,998,ARGUMENT
1000,999,ARGUMENT
1002,1000,ARGUMENT
1002,1001,ARGUMENT
1004,1002,ARGUMENT
1004,1003,ARGUMENT
1006,1004,ARGUMENT
1006,1005,ARGUMENT
1007,996,ARGUMENT
1007,1006,ARGUMENT
1009,1007,ARGUMENT
1009,1008,ARGUMENT
1010,995,ARGUMENT
1010,1009,ARGUMENT
1011,994,ARGUMENT
1011,1010,ARGUMENT
1012,993,ARGUMENT
1012,1011,ARGUMENT
1016,1015,ARGUMENT
1018,1016,ARGUMENT
1018,1017,ARGUMENT
1020,1018,ARGUMENT
1020,1019,ARGUMENT
1021,1020,ARGUMENT
1022,1014,ARGUMENT
1022,1021,ARGUMENT
1023,1013,ARGUMENT
1023,1022,ARGUMENT
1027,1026,ARGUMENT
1029,1027,ARGUMENT
1029,1028,ARGUMENT
1031,1029,ARGUMENT
1031,1030,ARGUMENT
1032,1031,ARGUMENT
1034,1032,ARGUMENT
1034,1033,ARGUMENT
1036,1034,ARGUMENT
1036,1035,ARGUMENT
1037,1036,ARGUMENT
1038,1025,ARGUMENT
1038,1037,ARGUMENT
1040,1038,ARGUMENT
1040,1039,ARGUMENT
1041,1040,ARGUMENT
1042,1024,ARGUMENT
1042,1041,ARGUMENT
1044,1043,ARGUMENT
1045,1044,ARGUMENT
1045,1042,ARGUMENT
1048,1047,ARGUMENT
1050,1048,ARGUMENT
1050,1049,ARGUMENT
1051,1046,ARGUMENT
1051,1050,ARGUMENT
1053,1055,ARGUMENT
1055,1054,ARGUMENT
1056,1052,ARGUMENT
1056,1053,ARGUMENT
1060,1058,ARGUMENT
1060,1059,ARGUMENT
1061,1057,ARGUMENT
1061,1060,ARGUMENT
1064,1063,ARGUMENT
1066,1064,ARGUMENT
1066,1065,ARGUMENT
1068,1066,ARGUMENT
1068,1067,ARGUMENT
1069,1068,ARGUMENT
1071,1069,ARGUMENT
1071,1070,ARGUMENT
1072,1062,ARGUMENT
1072,1071,ARGUMENT
1074,1081,ARGUMENT
1074,1082,ARGUMENT
1076,1075,ARGUMENT
1078,1076,ARGUMENT
1078,1077,ARGUMENT
1080,1078,ARGUMENT
1080,1079,ARGUMENT
1081,1080,ARGUMENT
1083,1073,ARGUMENT
1083,1074,ARGUMENT
1087,1085,ARGUMENT
1087,1086,ARGUMENT
1088,1084,ARGUMENT
1088,1087,ARGUMENT
1090,1092,ARGUMENT
1090,1099,ARGUMENT
1090,1106,ARGUMENT
1092,1091,ARGUMENT
1094,1093,ARGUMENT
1096,1094,ARGUMENT
1096,1095,ARGUMENT
1098,1096,ARGUMENT
1098,1097,ARGUMENT
1099,1098,ARGUMENT
1101,1100,ARGUMENT
1103,1101,ARGUMENT
1103,1102,ARGUMENT
1105,1103,ARGUMENT
1105,1104,ARGUMENT
1106,1105,ARGUMENT
1107,1089,ARGUMENT
1107,1090,ARGUMENT
1111,1109,ARGUMENT
1111,1110,ARGUMENT
1112,1108,ARGUMENT
1112,1111,ARGUMENT
1113,1115,ARGUMENT
1113,1116,ARGUMENT
1115,1114,ARGUMENT
1119,1118,ARGUMENT
1121,1119,ARGUMENT
1121,1120,ARGUMENT
1123,1121,ARGUMENT
1123,1122,ARGUMENT
1124,1123,ARGUMENT
1126,1124,ARGUMENT
1126,1125,ARGUMENT
1127,1117,ARGUMENT
1127,1126,ARGUMENT
1129,1141,ARGUMENT
1129,1142,ARGUMENT
1131,1130,ARGUMENT
1133,1131,ARGUMENT
1133,1132,ARGUMENT
1135,1133,ARGUMENT
1135,1134,ARGUMENT
1136,1135,ARGUMENT
1138,1136,ARGUMENT
1138,1137,ARGUMENT
1140,1138,ARGUMENT
1140,1139,ARGUMENT
1141,1140,ARGUMENT
1143,1128,ARGUMENT
1143,1129,ARGUMENT
1145,1146,ARGUMENT
1145,1147,ARGUMENT
1145,1148,ARGUMENT
1149,1144,ARGUMENT
1149,1145,ARGUMENT
1152,1150,ARGUMENT
1152,1151,ARGUMENT
1154,1153,ARGUMENT
1155,1154,ARGUMENT
1155,1152,ARGUMENT
1159,1157,ARGUMENT
1159,1158,ARGUMENT
1160,1156,ARGUMENT
1160,1159,ARGUMENT
1162,1161,ARGUMENT
1164,1162,ARGUMENT
1164,1163,ARGUMENT
1166,1164,ARGUMENT
1166,1165,ARGUMENT
1167,1166,ARGUMENT
1168,1167,ARGUMENT
1168,1160,ARGUMENT
1170,1177,ARGUMENT
1170,1189,ARGUMENT
1172,1171,ARGUMENT
1174,1172,ARGUMENT
1174,1173,ARGUMENT
1176,1174,ARGUMENT
1176,1175,ARGUMENT
1177,1176,ARGUMENT
1179,1178,ARGUMENT
1181,1179,ARGUMENT
1181,1180,ARGUMENT
1183,1181,ARGUMENT
1183,1182,ARGUMENT
1184,1183,ARGUMENT
1186,1184,ARGUMENT
1186,1185,ARGUMENT
1188,1186,ARGUMENT
1188,1187,ARGUMENT
1189,1188,ARGUMENT
1190,1169,ARGUMENT
1190,1170,ARGUMENT
1193,1192,ARGUMENT
1195,1193,ARGUMENT
1195,1194,ARGUMENT
1197,1195,ARGUMENT
1197,1196,ARGUMENT
1198,1197,ARGUMENT
1199,1198,ARGUMENT
1199,1191,ARGUMENT
1201,1208,ARGUMENT
1201,1215,ARGUMENT
1203,1202,ARGUMENT
1205,1203,ARGUMENT
1205,1204,ARGUMENT
1207,1205,ARGUMENT
1207,1206,ARGUMENT
1208,1207,ARGUMENT
1210,1209,ARGUMENT
1212,1210,ARGUMENT
1212,1211,ARGUMENT
1214,1212,ARGUMENT
1214,1213,ARGUMENT
1215,1214,ARGUMENT
1216,1200,ARGUMENT
1216,1201,ARGUMENT
1219,1218,ARGUMENT
1221,1219,ARGUMENT
1221,1220,ARGUMENT
1223,1221,ARGUMENT
1223,1222,ARGUMENT
1224,1223,ARGUMENT
1225,1224,ARGUMENT
1225,1217,ARGUMENT
1228,1227,ARGUMENT
1230,1228,ARGUMENT
1230,1229,ARGUMENT
1232,1230,ARGUMENT
1232,1231,ARGUMENT
1233,1232,ARGUMENT
1234,1233,ARGUMENT
1234,1226,ARGUMENT
1237,1236,ARGUMENT
1239,1237,ARGUMENT
1239,1238,ARGUMENT
1241,1239,ARGUMENT
1241,1240,ARGUMENT
1242,1241,ARGUMENT
1243,1242,ARGUMENT
1243,1235,ARGUMENT
1246,1245,ARGUMENT
1248,1246,ARGUMENT
1248,1247,ARGUMENT
1250,1248,ARGUMENT
1250,1249,ARGUMENT
1251,1250,ARGUMENT
1252,1251,ARGUMENT
1252,1244,ARGUMENT
1254,1260,ARGUMENT
1254,1267,ARGUMENT
1254,1268,ARGUMENT
1254,1269,ARGUMENT
1256,1255,ARGUMENT
1258,1256,ARGUMENT
1258,1257,ARGUMENT
1260,1258,ARGUMENT
1260,1259,ARGUMENT
1262,1261,ARGUMENT
1264,1262,ARGUMENT
1264,1263,ARGUMENT
1266,1264,ARGUMENT
1266,1265,ARGUMENT
1267,1266,ARGUMENT
1270,1253,ARGUMENT
1270,1254,ARGUMENT
1273,1272,ARGUMENT
1274,1273,ARGUMENT
1274,1271,ARGUMENT
1277,1276,ARGUMENT
1279,1277,ARGUMENT
1279,1278,ARGUMENT
1280,1275,ARGUMENT
1280,1279,ARGUMENT
1282,1281,ARGUMENT
1284,1282,ARGUMENT
1284,1283,ARGUMENT
1286,1284,ARGUMENT
1286,1285,ARGUMENT
1287,1286,ARGUMENT
1289,1288,ARGUMENT
1291,1289,ARGUMENT
1291,1290,ARGUMENT
1293,1291,ARGUMENT
1293,1292,ARGUMENT
1295,1293,ARGUMENT
1295,1294,ARGUMENT
1297,1295,ARGUMENT
1297,1296,ARGUMENT
1298,1297,ARGUMENT
1299,1298,ARGUMENT
1299,1287,ARGUMENT
1303,1302,ARGUMENT
1305,1303,ARGUMENT
1305,1304,ARGUMENT
1307,1305,ARGUMENT
1307,1306,ARGUMENT
1308,1307,ARGUMENT
1309,1301,ARGUMENT
1309,1308,ARGUMENT
1310,1300,ARGUMENT
1310,1309,ARGUMENT
1313,1312,ARGUMENT
1315,1313,ARGUMENT
1315,1314,ARGUMENT
1317,1315,ARGUMENT
1317,1316,ARGUMENT
1319,1317,ARGUMENT
1319,1318,ARGUMENT
1321,1319,ARGUMENT
1321,1320,ARGUMENT
1322,1321,ARGUMENT
1323,1322,ARGUMENT
1323,1311,ARGUMENT
1326,1325,ARGUMENT
1328,1326,ARGUMENT
1328,1327,ARGUMENT
1330,1328,ARGUMENT
1330,1329,ARGUMENT
1331,1330,ARGUMENT
1333,1331,ARGUMENT
1333,1332,ARGUMENT
1334,1324,ARGUMENT
1334,1333,ARGUMENT
1337,1336,ARGUMENT
1339,1337,ARGUMENT
1339,1338,ARGUMENT
1341,1339,ARGUMENT
1341,1340,ARGUMENT
1342,1341,ARGUMENT
1343,1342,ARGUMENT
1343,1335,ARGUMENT
1346,1345,ARGUMENT
1348,1346,ARGUMENT
1348,1347,ARGUMENT
1350,1348,ARGUMENT
1350,1349,ARGUMENT
1352,1350,ARGUMENT
1352,1351,ARGUMENT
1354,1352,ARGUMENT
1354,1353,ARGUMENT
1355,1354,ARGUMENT
1356,1344,ARGUMENT
1356,1355,ARGUMENT
1362,1361,ARGUMENT
1364,1362,ARGUMENT
1364,1363,ARGUMENT
1366,1364,ARGUMENT
1366,1365,ARGUMENT
1368,1366,ARGUMENT
1368,1367,ARGUMENT
1370,1368,ARGUMENT
1370,1369,ARGUMENT
1371,1360,ARGUMENT
1371,1370,ARGUMENT
1373,1371,ARGUMENT
1373,1372,ARGUMENT
1374,1359,ARGUMENT
1374,1373,ARGUMENT
1375,1358,ARGUMENT
1375,1374,ARGUMENT
1376,1357,ARGUMENT
1376,1375,ARGUMENT
1380,1378,ARGUMENT
1380,1379,ARGUMENT
1381,1377,ARGUMENT
1381,1380,ARGUMENT
1384,1383,ARGUMENT
1386,1384,ARGUMENT
1386,1385,ARGUMENT
1388,1386,ARGUMENT
1388,1387,ARGUMENT
1390,1388,ARGUMENT
1390,1389,ARGUMENT
1392,1390,ARGUMENT
1392,1391,ARGUMENT
1393,1392,ARGUMENT
1394,1382,ARGUMENT
1394,1393,ARGUMENT
1397,1396,ARGUMENT
1398,1397,ARGUMENT
1398,1395,ARGUMENT
1401,1400,ARGUMENT
1403,1401,ARGUMENT
1403,1402,ARGUMENT
1405,1403,ARGUMENT
1405,1404,ARGUMENT
1406,1405,ARGUMENT
1408,1406,ARGUMENT
1408,1407,ARGUMENT
1409,1399,ARGUMENT
1409,1408,ARGUMENT
1412,1411,ARGUMENT
1414,1412,ARGUMENT
1414,1413,ARGUMENT
1416,1414,ARGUMENT
1416,1415,ARGUMENT
1418,1416,ARGUMENT
1418,1417,ARGUMENT
1420,1418,ARGUMENT
1420,1419,ARGUMENT
1421,1420,ARGUMENT
1422,1421,ARGUMENT
1422,1410,ARGUMENT
1424,1426,ARGUMENT
1424,1428,ARGUMENT
1424,1440,ARGUMENT
1424,1441,ARGUMENT
1424,1442,ARGUMENT
1424,1443,ARGUMENT
1426,1425,ARGUMENT
1428,1427,ARGUMENT
1430,1429,ARGUMENT
1432,1430,ARGUMENT
1432,1431,ARGUMENT
1434,1432,ARGUMENT
1434,1433,ARGUMENT
1435,1434,ARGUMENT
1437,1435,ARGUMENT
1437,1436,ARGUMENT
1439,1437,ARGUMENT
1439,1438,ARGUMENT
1440,1439,ARGUMENT
1444,1423,ARGUMENT
1444,1424,ARGUMENT
1447,1446,ARGUMENT
1449,1447,ARGUMENT
1449,1448,ARGUMENT
1451,1449,ARGUMENT
1451,1450,ARGUMENT
1452,1451,ARGUMENT
1454,1452,ARGUMENT
1454,1453,ARGUMENT
1455,1445,ARGUMENT
1455,1454,ARGUMENT
1457,1464,ARGUMENT
1459,1458,ARGUMENT
1461,1459,ARGUMENT
1461,1460,ARGUMENT
1463,1461,ARGUMENT
1463,1462,ARGUMENT
1464,1463,ARGUMENT
1465,1456,ARGUMENT
1465,1457,ARGUMENT
1468,1467,ARGUMENT
1469,1468,ARGUMENT
1469,1466,ARGUMENT
1472,1471,ARGUMENT
1474,1472,ARGUMENT
1474,1473,ARGUMENT
1476,1474,ARGUMENT
1476,1475,ARGUMENT
1477,1476,ARGUMENT
1479,1478,ARGUMENT
1480,1477,ARGUMENT
1480,1479,ARGUMENT
1481,1470,ARGUMENT
1481,1480,ARGUMENT
1483,1482,ARGUMENT
1485,1483,ARGUMENT
1485,1484,ARGUMENT
1487,1485,ARGUMENT
1487,1486,ARGUMENT
1488,1487,ARGUMENT
1490,1488,ARGUMENT
1490,1489,ARGUMENT
1492,1491,ARGUMENT
1494,1492,ARGUMENT
1494,1493,ARGUMENT
1496,1494,ARGUMENT
1496,1495,ARGUMENT
1497,1496,ARGUMENT
1498,1497,ARGUMENT
1498,1490,ARGUMENT
1500,1507,ARGUMENT
1502,1501,ARGUMENT
1504,1502,ARGUMENT
1504,1503,ARGUMENT
1506,1504,ARGUMENT
1506,1505,ARGUMENT
1507,1506,ARGUMENT
1508,1499,ARGUMENT
1508,1500,ARGUMENT
1511,1510,ARGUMENT
1512,1511,ARGUMENT
1512,1509,ARGUMENT
1515,1514,ARGUMENT
1517,1515,ARGUMENT
1517,1516,ARGUMENT
1519,1517,ARGUMENT
1519,1518,ARGUMENT
1521,1519,ARGUMENT
1521,1520,ARGUMENT
1523,1521,ARGUMENT
1523,1522,ARGUMENT
1524,1523,ARGUMENT
1526,1524,ARGUMENT
1526,1525,ARGUMENT
1527,1513,ARGUMENT
1527,1526,ARGUMENT
1531,1530,ARGUMENT
1532,1529,ARGUMENT
1532,1531,ARGUMENT
1533,1528,ARGUMENT
1533,1532,ARGUMENT
1537,1536,ARGUMENT
1539,1537,ARGUMENT
1539,1538,ARGUMENT
1541,1539,ARGUMENT
1541,1540,ARGUMENT
1542,1541,ARGUMENT
1544,1542,ARGUMENT
1544,1543,ARGUMENT
1545,1535,ARGUMENT
1545,1544,ARGUMENT
1547,1549,ARGUMENT
1547,1551,ARGUMENT
1547,1563,ARGUMENT
1547,1564,ARGUMENT
1547,1565,ARGUMENT
1547,1566,ARGUMENT
1549,1548,ARGUMENT
1551,1550,ARGUMENT
1553,1552,ARGUMENT
1555,1553,ARGUMENT
1555,1554,ARGUMENT
1557,1555,ARGUMENT
1557,1556,ARGUMENT
1558,1557,ARGUMENT
1560,1558,ARGUMENT
1560,1559,ARGUMENT
1562,1560,ARGUMENT
1562,1561,ARGUMENT
1563,1562,ARGUMENT
1567,1546,ARGUMENT
1567,1547,ARGUMENT
1570,1569,ARGUMENT
1571,1570,ARGUMENT
1571,1568,ARGUMENT
1574,1573,ARGUMENT
1576,1574,ARGUMENT
1576,1575,ARGUMENT
1577,1572,ARGUMENT
1577,1576,ARGUMENT
1580,1579,ARGUMENT
1582,1580,ARGUMENT
1582,1581,ARGUMENT
1584,1582,ARGUMENT
1584,1583,ARGUMENT
1586,1584,ARGUMENT
1586,1585,ARGUMENT
1588,1586,ARGUMENT
1588,1587,ARGUMENT
1589,1588,ARGUMENT
1590,1578,ARGUMENT
1590,1589,ARGUMENT
1593,1592,ARGUMENT
1595,1593,ARGUMENT
1595,1594,ARGUMENT
1597,1595,ARGUMENT
1597,1596,ARGUMENT
1599,1597,ARGUMENT
1599,1598,ARGUMENT
1601,1599,ARGUMENT
1601,1600,ARGUMENT
1602,1601,ARGUMENT
1603,1591,ARGUMENT
1603,1602,ARGUMENT
1607,1605,ARGUMENT
1607,1606,ARGUMENT
1609,1607,ARGUMENT
1609,1608,ARGUMENT
1611,1609,ARGUMENT
1611,1610,ARGUMENT
1613,1611,ARGUMENT
1613,1612,ARGUMENT
1614,1613,ARGUMENT
1615,1614,ARGUMENT
1615,1604,ARGUMENT
1618,1617,ARGUMENT
1620,1618,ARGUMENT
1620,1619,ARGUMENT
1622,1620,ARGUMENT
1622,1621,ARGUMENT
1624,1622,ARGUMENT
1624,1623,ARGUMENT
1626,1624,ARGUMENT
1626,1625,ARGUMENT
1627,1626,ARGUMENT
1628,1616,ARGUMENT
1628,1627,ARGUMENT
1631,1630,ARGUMENT
1633,1631,ARGUMENT
1633,1632,ARGUMENT
1635,1633,ARGUMENT
1635,1634,ARGUMENT
1637,1635,ARGUMENT
1637,1636,ARGUMENT
1639,1637,ARGUMENT
1639,1638,ARGUMENT
1640,1639,ARGUMENT
1641,1629,ARGUMENT
1641,1640,ARGUMENT
1645,1643,ARGUMENT
1645,1644,ARGUMENT
1647,1645,ARGUMENT
1647,1646,ARGUMENT
1649,1647,ARGUMENT
1649,1648,ARGUMENT
1651,1649,ARGUMENT
1651,1650,ARGUMENT
1652,1651,ARGUMENT
1653,1652,ARGUMENT
1653,1642,ARGUMENT
1655,1654,ARGUMENT
1657,1656,ARGUMENT
1658,1657,ARGUMENT
1658,1655,ARGUMENT
1662,1661,ARGUMENT
1664,1662,ARGUMENT
1664,1663,ARGUMENT
1666,1664,ARGUMENT
1666,1665,ARGUMENT
1667,1666,ARGUMENT
1669,1667,ARGUMENT
1669,1668,ARGUMENT
1671,1669,ARGUMENT
1671,1670,ARGUMENT
1673,1671,ARGUMENT
1673,1672,ARGUMENT
1675,1673,ARGUMENT
1675,1674,ARGUMENT
1676,1660,ARGUMENT
1676,1675,ARGUMENT
1678,1676,ARGUMENT
1678,1677,ARGUMENT
1679,1659,ARGUMENT
1679,1678,ARGUMENT
1681,1680,ARGUMENT
1683,1681,ARGUMENT
1683,1682,ARGUMENT
1685,1683,ARGUMENT
1685,1684,ARGUMENT
1687,1685,ARGUMENT
1687,1686,ARGUMENT
1689,1687,ARGUMENT
1689,1688,ARGUMENT
1690,1689,ARGUMENT
1691,1690,ARGUMENT
1691,1679,ARGUMENT
1694,1693,ARGUMENT
1696,1694,ARGUMENT
1696,1695,ARGUMENT
1698,1696,ARGUMENT
1698,1697,ARGUMENT
1699,1698,ARGUMENT
1701,1699,ARGUMENT
1701,1700,ARGUMENT
1703,1701,ARGUMENT
1703,1702,ARGUMENT
1705,1703,ARGUMENT
1705,1704,ARGUMENT
1707,1705,ARGUMENT
1707,1706,ARGUMENT
1708,1707,ARGUMENT
1709,1692,ARGUMENT
1709,1708,ARGUMENT
1712,1711,ARGUMENT
1714,1712,ARGUMENT
1714,1713,ARGUMENT
1716,1714,ARGUMENT
1716,1715,ARGUMENT
1718,1716,ARGUMENT
1718,1717,ARGUMENT
1720,1718,ARGUMENT
1720,1719,ARGUMENT
1721,1720,ARGUMENT
1722,1721,ARGUMENT
1722,1710,ARGUMENT
1725,1724,ARGUMENT
1727,1725,ARGUMENT
1727,1726,ARGUMENT
1729,1727,ARGUMENT
1729,1728,ARGUMENT
1730,1729,ARGUMENT
1732,1730,ARGUMENT
1732,1731,ARGUMENT
1734,1732,ARGUMENT
1734,1733,ARGUMENT
1736,1734,ARGUMENT
1736,1735,ARGUMENT
1738,1736,ARGUMENT
1738,1737,ARGUMENT
1739,1738,ARGUMENT
1740,1723,ARGUMENT
1740,1739,ARGUMENT
1742,1741,ARGUMENT
1745,1743,ARGUMENT
1745,1744,ARGUMENT
1747,1745,ARGUMENT
1747,1746,ARGUMENT
1749,1747,ARGUMENT
1749,1748,ARGUMENT
1751,1749,ARGUMENT
1751,1750,ARGUMENT
1752,1751,ARGUMENT
1753,1752,ARGUMENT
1753,1742,ARGUMENT
1755,1754,ARGUMENT
1757,1756,ARGUMENT
1759,1757,ARGUMENT
1759,1758,ARGUMENT
1761,1759,ARGUMENT
1761,1760,ARGUMENT
1762,1761,ARGUMENT
1764,1762,ARGUMENT
1764,1763,ARGUMENT
1766,1764,ARGUMENT
1766,1765,ARGUMENT
1768,1766,ARGUMENT
1768,1767,ARGUMENT
1770,1768,ARGUMENT
1770,1769,ARGUMENT
1771,1770,ARGUMENT
1772,1771,ARGUMENT
1772,1755,ARGUMENT
1774,1781,ARGUMENT
1774,1788,ARGUMENT
1776,1775,ARGUMENT
1778,1776,ARGUMENT
1778,1777,ARGUMENT
1780,1778,ARGUMENT
1780,1779,ARGUMENT
1781,1780,ARGUMENT
1783,1782,ARGUMENT
1785,1783,ARGUMENT
1785,1784,ARGUMENT
1787,1785,ARGUMENT
1787,1786,ARGUMENT
1788,1787,ARGUMENT
1789,1773,ARGUMENT
1789,1774,ARGUMENT
1792,1791,ARGUMENT
1793,1792,ARGUMENT
1793,1790,ARGUMENT
1796,1795,ARGUMENT
1798,1796,ARGUMENT
1798,1797,ARGUMENT
1799,1794,ARGUMENT
1799,1798,ARGUMENT
1802,1801,ARGUMENT
1804,1802,ARGUMENT
1804,1803,ARGUMENT
1806,1804,ARGUMENT
1806,1805,ARGUMENT
1807,1806,ARGUMENT
1809,1807,ARGUMENT
1809,1808,ARGUMENT
1811,1809,ARGUMENT
1811,1810,ARGUMENT
1812,1811,ARGUMENT
1814,1812,ARGUMENT
1814,1813,ARGUMENT
1815,1800,ARGUMENT
1815,1814,ARGUMENT
1818,1817,ARGUMENT
1820,1818,ARGUMENT
1820,1819,ARGUMENT
1822,1820,ARGUMENT
1822,1821,ARGUMENT
1824,1822,ARGUMENT
1824,1823,ARGUMENT
1826,1824,ARGUMENT
1826,1825,ARGUMENT
1827,1826,ARGUMENT
1828,1816,ARGUMENT
1828,1827,ARGUMENT
1831,1830,ARGUMENT
1833,1831,ARGUMENT
1833,1832,ARGUMENT
1835,1833,ARGUMENT
1835,1834,ARGUMENT
1837,1835,ARGUMENT
1837,1836,ARGUMENT
1839,1837,ARGUMENT
1839,1838,ARGUMENT
1840,1839,ARGUMENT
1841,1829,ARGUMENT
1841,1840,ARGUMENT
1845,1843,ARGUMENT
1845,1844,ARGUMENT
1847,1845,ARGUMENT
1847,1846,ARGUMENT
1849,1847,ARGUMENT
1849,1848,ARGUMENT
1851,1849,ARGUMENT
1851,1850,ARGUMENT
1852,1851,ARGUMENT
1853,1852,ARGUMENT
1853,1842,ARGUMENT
1856,1855,ARGUMENT
1858,1856,ARGUMENT
1858,1857,ARGUMENT
1860,1858,ARGUMENT
1860,1859,ARGUMENT
1862,1860,ARGUMENT
1862,1861,ARGUMENT
1864,1862,ARGUMENT
1864,1863,ARGUMENT
1865,1864,ARGUMENT
1866,1854,ARGUMENT
1866,1865,ARGUMENT
1869,1868,ARGUMENT
1871,1869,ARGUMENT
1871,1870,ARGUMENT
1873,1871,ARGUMENT
1873,1872,ARGUMENT
1875,1873,ARGUMENT
1875,1874,ARGUMENT
1877,1875,ARGUMENT
1877,1876,ARGUMENT
1878,1877,ARGUMENT
1879,1867,ARGUMENT
1879,1878,ARGUMENT
1883,1881,ARGUMENT
1883,1882,ARGUMENT
1885,1883,ARGUMENT
1885,1884,ARGUMENT
1887,1885,ARGUMENT
1887,1886,ARGUMENT
1889,1887,ARGUMENT
1889,1888,ARGUMENT
1890,1889,ARGUMENT
1891,1890,ARGUMENT
1891,1880,ARGUMENT
1893,1892,ARGUMENT
1895,1894,ARGUMENT
1896,1895,ARGUMENT
1896,1893,ARGUMENT
1900,1899,ARGUMENT
1902,1900,ARGUMENT
1902,1901,ARGUMENT
1904,1902,ARGUMENT
1904,1903,ARGUMENT
1905,1904,ARGUMENT
1907,1905,ARGUMENT
1907,1906,ARGUMENT
1909,1907,ARGUMENT
1909,1908,ARGUMENT
1911,1909,ARGUMENT
1911,1910,ARGUMENT
1913,1911,ARGUMENT
1913,1912,ARGUMENT
1914,1898,ARGUMENT
1914,1913,ARGUMENT
1916,1914,ARGUMENT
1916,1915,ARGUMENT
1917,1897,ARGUMENT
1917,1916,ARGUMENT
1919,1918,ARGUMENT
1921,1919,ARGUMENT
1921,1920,ARGUMENT
1923,1921,ARGUMENT
1923,1922,ARGUMENT
1925,1923,ARGUMENT
1925,1924,ARGUMENT
1927,1925,ARGUMENT
1927,1926,ARGUMENT
1928,1927,ARGUMENT
1929,1928,ARGUMENT
1929,1917,ARGUMENT
1932,1931,ARGUMENT
1934,1932,ARGUMENT
1934,1933,ARGUMENT
1936,1934,ARGUMENT
1936,1935,ARGUMENT
1937,1936,ARGUMENT
1939,1937,ARGUMENT
1939,1938,ARGUMENT
1941,1939,ARGUMENT
1941,1940,ARGUMENT
1943,1941,ARGUMENT
1943,1942,ARGUMENT
1945,1943,ARGUMENT
1945,1944,ARGUMENT
1946,1945,ARGUMENT
1947,1930,ARGUMENT
1947,1946,ARGUMENT
1950,1949,ARGUMENT
1952,1950,ARGUMENT
1952,1951,ARGUMENT
1954,1952,ARGUMENT
1954,1953,ARGUMENT
1956,1954,ARGUMENT
1956,1955,ARGUMENT
1958,1956,ARGUMENT
1958,1957,ARGUMENT
1959,1958,ARGUMENT
1960,1959,ARGUMENT
1960,1948,ARGUMENT
1963,1962,ARGUMENT
1965,1963,ARGUMENT
1965,1964,ARGUMENT
1967,1965,ARGUMENT
1967,1966,ARGUMENT
1968,1967,ARGUMENT
1970,1968,ARGUMENT
1970,1969,ARGUMENT
1972,1970,ARGUMENT
1972,1971,ARGUMENT
1974,1972,ARGUMENT
1974,1973,ARGUMENT
1976,1974,ARGUMENT
1976,1975,ARGUMENT
1977,1976,ARGUMENT
1978,1961,ARGUMENT
1978,1977,ARGUMENT
1980,1979,ARGUMENT
1983,1981,ARGUMENT
1983,1982,ARGUMENT
1985,1983,ARGUMENT
1985,1984,ARGUMENT
1987,1985,ARGUMENT
1987,1986,ARGUMENT
1989,1987,ARGUMENT
1989,1988,ARGUMENT
1990,1989,ARGUMENT
1991,1990,ARGUMENT
1991,1980,ARGUMENT
1993,1992,ARGUMENT
1995,1994,ARGUMENT
1997,1995,ARGUMENT
1997,1996,ARGUMENT
1999,1997,ARGUMENT
1999,1998,ARGUMENT
2000,1999,ARGUMENT
2002,2000,ARGUMENT
2002,2001,ARGUMENT
2004,2002,ARGUMENT
2004,2003,ARGUMENT
2006,2004,ARGUMENT
2006,2005,ARGUMENT
2008,2006,ARGUMENT
2008,2007,ARGUMENT
2009,2008,ARGUMENT
2010,2009,ARGUMENT
2010,1993,ARGUMENT
2013,2012,ARGUMENT
2015,2013,ARGUMENT
2015,2014,ARGUMENT
2017,2015,ARGUMENT
2017,2016,ARGUMENT
2018,2017,ARGUMENT
2020,2018,ARGUMENT
2020,2019,ARGUMENT
2021,2011,ARGUMENT
2021,2020,ARGUMENT
2025,2023,ARGUMENT
2025,2024,ARGUMENT
2026,2022,ARGUMENT
2026,2025,ARGUMENT
2030,2028,ARGUMENT
2030,2029,ARGUMENT
2031,2027,ARGUMENT
2031,2030,ARGUMENT
2034,2033,ARGUMENT
2036,2034,ARGUMENT
2036,2035,ARGUMENT
2038,2036,ARGUMENT
2038,2037,ARGUMENT
2039,2038,ARGUMENT
2041,2039,ARGUMENT
2041,2040,ARGUMENT
2042,2032,ARGUMENT
2042,2041,ARGUMENT
2046,2044,ARGUMENT
2046,2045,ARGUMENT
2047,2043,ARGUMENT
2047,2046,ARGUMENT
2050,2049,ARGUMENT
2052,2050,ARGUMENT
2052,2051,ARGUMENT
2054,2052,ARGUMENT
2054,2053,ARGUMENT
2055,2054,ARGUMENT
2056,2055,ARGUMENT
2056,2048,ARGUMENT
2059,2058,ARGUMENT
2061,2059,ARGUMENT
2061,2060,ARGUMENT
2062,2057,ARGUMENT
2062,2061,ARGUMENT
2066,2065,ARGUMENT
2068,2066,ARGUMENT
2068,2067,ARGUMENT
2069,2068,ARGUMENT
2070,2064,ARGUMENT
2070,2069,ARGUMENT
2071,2063,ARGUMENT
2071,2070,ARGUMENT
2074,2073,ARGUMENT
2075,2074,ARGUMENT
2075,2072,ARGUMENT
2079,2078,ARGUMENT
2081,2079,ARGUMENT
2081,2080,ARGUMENT
2082,2081,ARGUMENT
2083,2077,ARGUMENT
2083,2082,ARGUMENT
2084,2076,ARGUMENT
2084,2083,ARGUMENT
2087,2086,ARGUMENT
2088,2087,ARGUMENT
2088,2085,ARGUMENT
2091,2090,ARGUMENT
2093,2091,ARGUMENT
2093,2092,ARGUMENT
2094,2089,ARGUMENT
2094,2093,ARGUMENT
2098,2097,ARGUMENT
2100,2098,ARGUMENT
2100,2099,ARGUMENT
2101,2100,ARGUMENT
2102,2096,ARGUMENT
2102,2101,ARGUMENT
2103,2095,ARGUMENT
2103,2102,ARGUMENT
2107,2106,ARGUMENT
2109,2107,ARGUMENT
2109,2108,ARGUMENT
2111,2109,ARGUMENT
2111,2110,ARGUMENT
2112,2111,ARGUMENT
2113,2105,ARGUMENT
2113,2112,ARGUMENT
2114,2104,ARGUMENT
2114,2113,ARGUMENT
2118,2116,ARGUMENT
2118,2117,ARGUMENT
2119,2115,ARGUMENT
2119,2118,ARGUMENT
2123,2122,ARGUMENT
2125,2123,ARGUMENT
2125,2124,ARGUMENT
2126,2125,ARGUMENT
2127,2121,ARGUMENT
2127,2126,ARGUMENT
2128,2120,ARGUMENT
2128,2127,ARGUMENT
2132,2131,ARGUMENT
2134,2132,ARGUMENT
2134,2133,ARGUMENT
2136,2134,ARGUMENT
2136,2135,ARGUMENT
2137,2136,ARGUMENT
2138,2130,ARGUMENT
2138,2137,ARGUMENT
2139,2129,ARGUMENT
2139,2138,ARGUMENT
2143,2141,ARGUMENT
2143,2142,ARGUMENT
2144,2140,ARGUMENT
2144,2143,ARGUMENT
2147,2146,ARGUMENT
2149,2147,ARGUMENT
2149,2148,ARGUMENT
2150,2145,ARGUMENT
2150,2149,ARGUMENT
2154,2152,ARGUMENT
2154,2153,ARGUMENT
2155,2151,ARGUMENT
2155,2154,ARGUMENT
2157,2156,ARGUMENT
2159,2157,ARGUMENT
2159,2158,ARGUMENT
2161,2160,ARGUMENT
2162,2161,ARGUMENT
2162,2159,ARGUMENT
2165,2164,ARGUMENT
2167,2165,ARGUMENT
2167,2166,ARGUMENT
2168,2163,ARGUMENT
2168,2167,ARGUMENT
2171,2170,ARGUMENT
2172,2171,ARGUMENT
2172,2169,ARGUMENT
2175,2174,ARGUMENT
2177,2175,ARGUMENT
2177,2176,ARGUMENT
2178,2173,ARGUMENT
2178,2177,ARGUMENT
2182,2180,ARGUMENT
2182,2181,ARGUMENT
2183,2179,ARGUMENT
2183,2182,ARGUMENT
2187,2186,ARGUMENT
2189,2187,ARGUMENT
2189,2188,ARGUMENT
2190,2189,ARGUMENT
2191,2185,ARGUMENT
2191,2190,ARGUMENT
2192,2184,ARGUMENT
2192,2191,ARGUMENT
2195,2194,ARGUMENT
2196,2195,ARGUMENT
2196,2193,ARGUMENT
2200,2199,ARGUMENT
2202,2200,ARGUMENT
2202,2201,ARGUMENT
2203,2202,ARGUMENT
2204,2198,ARGUMENT
2204,2203,ARGUMENT
2205,2197,ARGUMENT
2205,2204,ARGUMENT
2209,2207,ARGUMENT
2209,2208,ARGUMENT
2210,2206,ARGUMENT
2210,2209,ARGUMENT
2213,2212,ARGUMENT
2215,2213,ARGUMENT
2215,2214,ARGUMENT
2216,2211,ARGUMENT
2216,2215,ARGUMENT
2219,2218,ARGUMENT
2220,2219,ARGUMENT
2220,2217,ARGUMENT
2223,2222,ARGUMENT
2225,2223,ARGUMENT
2225,2224,ARGUMENT
2226,2221,ARGUMENT
2226,2225,ARGUMENT
2229,2228,ARGUMENT
2230,2229,ARGUMENT
2230,2227,ARGUMENT
2234,2233,ARGUMENT
2235,2232,ARGUMENT
2235,2234,ARGUMENT
2236,2231,ARGUMENT
2236,2235,ARGUMENT
2239,2238,ARGUMENT
2241,2239,ARGUMENT
2241,2240,ARGUMENT
2242,2237,ARGUMENT
2242,2241,ARGUMENT
2246,2245,ARGUMENT
2247,2244,ARGUMENT
2247,2246,ARGUMENT
2248,2243,ARGUMENT
2248,2247,ARGUMENT
2250,2249,ARGUMENT
2252,2250,ARGUMENT
2252,2251,ARGUMENT
2254,2253,ARGUMENT
2255,2254,ARGUMENT
2255,2252,ARGUMENT
2259,2258,ARGUMENT
2260,2257,ARGUMENT
2260,2259,ARGUMENT
2261,2256,ARGUMENT
2261,2260,ARGUMENT
2264,2263,ARGUMENT
2266,2264,ARGUMENT
2266,2265,ARGUMENT
2267,2262,ARGUMENT
2267,2266,ARGUMENT
2270,2269,ARGUMENT
2271,2270,ARGUMENT
2271,2268,ARGUMENT
2274,2273,ARGUMENT
2276,2274,ARGUMENT
2276,2275,ARGUMENT
2277,2272,ARGUMENT
2277,2276,ARGUMENT
2281,2279,ARGUMENT
2281,2280,ARGUMENT
2282,2278,ARGUMENT
2282,2281,ARGUMENT
2285,2284,ARGUMENT
2286,2283,ARGUMENT
2286,2285,ARGUMENT
2290,2288,ARGUMENT
2290,2289,ARGUMENT
2291,2287,ARGUMENT
2291,2290,ARGUMENT
2294,2293,ARGUMENT
2295,2294,ARGUMENT
2295,2292,ARGUMENT
2299,2297,ARGUMENT
2299,2298,ARGUMENT
2300,2296,ARGUMENT
2300,2299,ARGUMENT
2303,2302,ARGUMENT
2304,2303,ARGUMENT
2304,2301,ARGUMENT
2307,2306,ARGUMENT
2308,2305,ARGUMENT
2308,2307,ARGUMENT
2311,2309,ARGUMENT
2311,2310,ARGUMENT
2313,2312,ARGUMENT
2314,2313,ARGUMENT
2314,2311,ARGUMENT
2318,2317,ARGUMENT
2319,2316,ARGUMENT
2319,2318,ARGUMENT
2320,2315,ARGUMENT
2320,2319,ARGUMENT
2324,2322,ARGUMENT
2324,2323,ARGUMENT
2325,2321,ARGUMENT
2325,2324,ARGUMENT
2328,2327,ARGUMENT
2329,2328,ARGUMENT
2329,2326,ARGUMENT
2333,2332,ARGUMENT
2335,2333,ARGUMENT
2335,2334,ARGUMENT
2336,2331,ARGUMENT
2336,2335,ARGUMENT
2340,2338,ARGUMENT
2340,2339,ARGUMENT
2341,2337,ARGUMENT
2341,2340,ARGUMENT
2344,2343,ARGUMENT
2345,2342,ARGUMENT
2345,2344,ARGUMENT
2349,2347,ARGUMENT
2349,2348,ARGUMENT
2350,2346,ARGUMENT
2350,2349,ARGUMENT
2353,2352,ARGUMENT
2354,2353,ARGUMENT
2354,2351,ARGUMENT
2358,2356,ARGUMENT
2358,2357,ARGUMENT
2359,2355,ARGUMENT
2359,2358,ARGUMENT
2362,2361,ARGUMENT
2363,2362,ARGUMENT
2363,2360,ARGUMENT
2366,2365,ARGUMENT
2367,2364,ARGUMENT
2367,2366,ARGUMENT
2370,2368,ARGUMENT
2370,2369,ARGUMENT
2372,2371,ARGUMENT
2373,2372,ARGUMENT
2373,2370,ARGUMENT
2377,2376,ARGUMENT
2378,2375,ARGUMENT
2378,2377,ARGUMENT
2379,2374,ARGUMENT
2379,2378,ARGUMENT
2383,2381,ARGUMENT
2383,2382,ARGUMENT
2384,2380,ARGUMENT
2384,2383,ARGUMENT
2387,2386,ARGUMENT
2388,2387,ARGUMENT
2388,2385,ARGUMENT
2392,2391,ARGUMENT
2394,2392,ARGUMENT
2394,2393,ARGUMENT
2395,2390,ARGUMENT
2395,2394,ARGUMENT
2399,2397,ARGUMENT
2399,2398,ARGUMENT
2400,2396,ARGUMENT
2400,2399,ARGUMENT
2403,2402,ARGUMENT
2405,2403,ARGUMENT
2405,2404,ARGUMENT
2406,2401,ARGUMENT
2406,2405,ARGUMENT
2409,2408,ARGUMENT
2410,2409,ARGUMENT
2410,2407,ARGUMENT
2412,2411,ARGUMENT
2414,2412,ARGUMENT
2414,2413,ARGUMENT
2416,2415,ARGUMENT
2417,2416,ARGUMENT
2417,2414,ARGUMENT
2419,2418,ARGUMENT
2421,2420,ARGUMENT
2423,2421,ARGUMENT
2423,2422,ARGUMENT
2425,2423,ARGUMENT
2425,2424,ARGUMENT
2427,2425,ARGUMENT
2427,2426,ARGUMENT
2429,2427,ARGUMENT
2429,2428,ARGUMENT
2430,2429,ARGUMENT
2431,2430,ARGUMENT
2431,2419,ARGUMENT
2435,2434,ARGUMENT
2436,2433,ARGUMENT
2436,2435,ARGUMENT
2437,2432,ARGUMENT
2437,2436,ARGUMENT
2440,2439,ARGUMENT
2442,2440,ARGUMENT
2442,2441,ARGUMENT
2444,2442,ARGUMENT
2444,2443,ARGUMENT
2446,2444,ARGUMENT
2446,2445,ARGUMENT
2448,2446,ARGUMENT
2448,2447,ARGUMENT
2449,2448,ARGUMENT
2450,2449,ARGUMENT
2450,2438,ARGUMENT
2453,2452,ARGUMENT
2455,2453,ARGUMENT
2455,2454,ARGUMENT
2457,2455,ARGUMENT
2457,2456,ARGUMENT
2458,2457,ARGUMENT
2460,2458,ARGUMENT
2460,2459,ARGUMENT
2461,2451,ARGUMENT
2461,2460,ARGUMENT
2464,2463,ARGUMENT
2466,2464,ARGUMENT
2466,2465,ARGUMENT
2468,2466,ARGUMENT
2468,2467,ARGUMENT
2469,2468,ARGUMENT
2471,2469,ARGUMENT
2471,2470,ARGUMENT
2472,2462,ARGUMENT
2472,2471,ARGUMENT
2476,2475,ARGUMENT
2478,2476,ARGUMENT
2478,2477,ARGUMENT
2480,2478,ARGUMENT
2480,2479,ARGUMENT
2481,2480,ARGUMENT
2482,2474,ARGUMENT
2482,2481,ARGUMENT
2483,2473,ARGUMENT
2483,2482,ARGUMENT
2486,2485,ARGUMENT
2487,2486,ARGUMENT
2487,2484,ARGUMENT
2491,2490,ARGUMENT
2493,2491,ARGUMENT
2493,2492,ARGUMENT
2495,2493,ARGUMENT
2495,2494,ARGUMENT
2497,2495,ARGUMENT
2497,2496,ARGUMENT
2499,2497,ARGUMENT
2499,2498,ARGUMENT
2500,2499,ARGUMENT
2501,2489,ARGUMENT
2501,2500,ARGUMENT
2502,2488,ARGUMENT
2502,2501,ARGUMENT
2505,2504,ARGUMENT
2507,2505,ARGUMENT
2507,2506,ARGUMENT
2508,2503,ARGUMENT
2508,2507,ARGUMENT
2512,2511,ARGUMENT
2514,2512,ARGUMENT
2514,2513,ARGUMENT
2516,2514,ARGUMENT
2516,2515,ARGUMENT
2518,2516,ARGUMENT
2518,2517,ARGUMENT
2520,2518,ARGUMENT
2520,2519,ARGUMENT
2521,2520,ARGUMENT
2522,2510,ARGUMENT
2522,2521,ARGUMENT
2523,2509,ARGUMENT
2523,2522,ARGUMENT
2526,2525,ARGUMENT
2527,2526,ARGUMENT
2527,2524,ARGUMENT
2531,2530,ARGUMENT
2533,2531,ARGUMENT
2533,2532,ARGUMENT
2535,2533,ARGUMENT
2535,2534,ARGUMENT
2537,2535,ARGUMENT
2537,2536,ARGUMENT
2539,2537,ARGUMENT
2539,2538,ARGUMENT
2540,2539,ARGUMENT
2541,2529,ARGUMENT
2541,2540,ARGUMENT
2542,2528,ARGUMENT
2542,2541,ARGUMENT
2546,2545,ARGUMENT
2547,2544,ARGUMENT
2547,2546,ARGUMENT
2548,2543,ARGUMENT
2548,2547,ARGUMENT
2552,2550,ARGUMENT
2552,2551,ARGUMENT
2553,2549,ARGUMENT
2553,2552,ARGUMENT
2556,2555,ARGUMENT
2558,2556,ARGUMENT
2558,2557,ARGUMENT
2560,2558,ARGUMENT
2560,2559,ARGUMENT
2562,2560,ARGUMENT
2562,2561,ARGUMENT
2564,2562,ARGUMENT
2564,2563,ARGUMENT
2565,2564,ARGUMENT
2566,2565,ARGUMENT
2566,2554,ARGUMENT
2569,2568,ARGUMENT
2571,2569,ARGUMENT
2571,2570,ARGUMENT
2573,2571,ARGUMENT
2573,2572,ARGUMENT
2574,2573,ARGUMENT
2576,2575,ARGUMENT
2577,2574,ARGUMENT
2577,2576,ARGUMENT
2578,2567,ARGUMENT
2578,2577,ARGUMENT
2581,2580,ARGUMENT
2583,2581,ARGUMENT
2583,2582,ARGUMENT
2585,2583,ARGUMENT
2585,2584,ARGUMENT
2586,2585,ARGUMENT
2587,2586,ARGUMENT
2587,2579,ARGUMENT
2590,2589,ARGUMENT
2592,2590,ARGUMENT
2592,2591,ARGUMENT
2594,2592,ARGUMENT
2594,2593,ARGUMENT
2596,2594,ARGUMENT
2596,2595,ARGUMENT
2598,2596,ARGUMENT
2598,2597,ARGUMENT
2599,2598,ARGUMENT
2601,2599,ARGUMENT
2601,2600,ARGUMENT
2602,2588,ARGUMENT
2602,2601,ARGUMENT
2605,2604,ARGUMENT
2607,2605,ARGUMENT
2607,2606,ARGUMENT
2609,2607,ARGUMENT
2609,2608,ARGUMENT
2611,2609,ARGUMENT
2611,2610,ARGUMENT
2613,2611,ARGUMENT
2613,2612,ARGUMENT
2614,2613,ARGUMENT
2615,2614,ARGUMENT
2615,2603,ARGUMENT
2618,2617,ARGUMENT
2620,2618,ARGUMENT
2620,2619,ARGUMENT
2622,2620,ARGUMENT
2622,2621,ARGUMENT
2624,2622,ARGUMENT
2624,2623,ARGUMENT
2626,2624,ARGUMENT
2626,2625,ARGUMENT
2627,2626,ARGUMENT
2629,2627,ARGUMENT
2629,2628,ARGUMENT
2630,2616,ARGUMENT
2630,2629,ARGUMENT
2633,2632,ARGUMENT
2635,2633,ARGUMENT
2635,2634,ARGUMENT
2637,2635,ARGUMENT
2637,2636,ARGUMENT
2639,2637,ARGUMENT
2639,2638,ARGUMENT
2641,2639,ARGUMENT
2641,2640,ARGUMENT
2642,2641,ARGUMENT
2644,2642,ARGUMENT
2644,2643,ARGUMENT
2645,2631,ARGUMENT
2645,2644,ARGUMENT
2647,2646,ARGUMENT
2649,2647,ARGUMENT
2649,2648,ARGUMENT
2651,2649,ARGUMENT
2651,2650,ARGUMENT
2652,2651,ARGUMENT
2654,2653,ARGUMENT
2656,2654,ARGUMENT
2656,2655,ARGUMENT
2658,2656,ARGUMENT
2658,2657,ARGUMENT
2660,2658,ARGUMENT
2660,2659,ARGUMENT
2662,2660,ARGUMENT
2662,2661,ARGUMENT
2663,2662,ARGUMENT
2664,2663,ARGUMENT
2664,2652,ARGUMENT
2668,2667,ARGUMENT
2670,2668,ARGUMENT
2670,2669,ARGUMENT
2672,2670,ARGUMENT
2672,2671,ARGUMENT
2674,2672,ARGUMENT
2674,2673,ARGUMENT
2676,2674,ARGUMENT
2676,2675,ARGUMENT
2677,2676,ARGUMENT
2678,2666,ARGUMENT
2678,2677,ARGUMENT
2679,2665,ARGUMENT
2679,2678,ARGUMENT
2682,2681,ARGUMENT
2684,2682,ARGUMENT
2684,2683,ARGUMENT
2686,2684,ARGUMENT
2686,2685,ARGUMENT
2687,2686,ARGUMENT
2689,2687,ARGUMENT
2689,2688,ARGUMENT
2690,2680,ARGUMENT
2690,2689,ARGUMENT
2693,2692,ARGUMENT
2694,2693,ARGUMENT
2694,2691,ARGUMENT
2698,2697,ARGUMENT
2699,2696,ARGUMENT
2699,2698,ARGUMENT
2700,2695,ARGUMENT
2700,2699,ARGUMENT
2702,2709,ARGUMENT
2702,2716,ARGUMENT
2702,2717,ARGUMENT
2704,2703,ARGUMENT
2706,2704,ARGUMENT
2706,2705,ARGUMENT
2708,2706,ARGUMENT
2708,2707,ARGUMENT
2709,2708,ARGUMENT
2711,2710,ARGUMENT
2713,2711,ARGUMENT
2713,2712,ARGUMENT
2715,2713,ARGUMENT
2715,2714,ARGUMENT
2716,2715,ARGUMENT
2718,2701,ARGUMENT
2718,2702,ARGUMENT
2721,2720,ARGUMENT
2723,2721,ARGUMENT
2723,2722,ARGUMENT
2725,2723,ARGUMENT
2725,2724,ARGUMENT
2726,2725,ARGUMENT
2727,2726,ARGUMENT
2727,2719,ARGUMENT
2729,2736,ARGUMENT
2729,2738,ARGUMENT
2729,2739,ARGUMENT
2729,2751,ARGUMENT
2731,2730,ARGUMENT
2733,2731,ARGUMENT
2733,2732,ARGUMENT
2735,2733,ARGUMENT
2735,2734,ARGUMENT
2736,2735,ARGUMENT
2738,2737,ARGUMENT
2741,2740,ARGUMENT
2743,2741,ARGUMENT
2743,2742,ARGUMENT
2745,2743,ARGUMENT
2745,2744,ARGUMENT
2746,2745,ARGUMENT
2748,2746,ARGUMENT
2748,2747,ARGUMENT
2750,2748,ARGUMENT
2750,2749,ARGUMENT
2751,2750,ARGUMENT
2752,2728,ARGUMENT
2752,2729,ARGUMENT
2755,2754,ARGUMENT
2756,2755,ARGUMENT
2756,2753,ARGUMENT
2758,2757,ARGUMENT
2760,2759,ARGUMENT
2761,2760,ARGUMENT
2761,2758,ARGUMENT
2765,2764,ARGUMENT
2767,2765,ARGUMENT
2767,2766,ARGUMENT
2769,2767,ARGUMENT
2769,2768,ARGUMENT
2770,2769,ARGUMENT
2772,2770,ARGUMENT
2772,2771,ARGUMENT
2774,2772,ARGUMENT
2774,2773,ARGUMENT
2776,2774,ARGUMENT
2776,2775,ARGUMENT
2778,2776,ARGUMENT
2778,2777,ARGUMENT
2779,2763,ARGUMENT
2779,2778,ARGUMENT
2781,2779,ARGUMENT
2781,2780,ARGUMENT
2782,2762,ARGUMENT
2782,2781,ARGUMENT
2784,2783,ARGUMENT
2786,2784,ARGUMENT
2786,2785,ARGUMENT
2788,2786,ARGUMENT
2788,2787,ARGUMENT
2790,2788,ARGUMENT
2790,2789,ARGUMENT
2792,2790,ARGUMENT
2792,2791,ARGUMENT
2793,2792,ARGUMENT
2794,2793,ARGUMENT
2794,2782,ARGUMENT
2797,2796,ARGUMENT
2799,2797,ARGUMENT
2799,2798,ARGUMENT
2801,2799,ARGUMENT
2801,2800,ARGUMENT
2802,2801,ARGUMENT
2804,2802,ARGUMENT
2804,2803,ARGUMENT
2806,2804,ARGUMENT
2806,2805,ARGUMENT
2808,2806,ARGUMENT
2808,2807,ARGUMENT
2810,2808,ARGUMENT
2810,2809,ARGUMENT
2811,2810,ARGUMENT
2812,2795,ARGUMENT
2812,2811,ARGUMENT
2815,2814,ARGUMENT
2817,2815,ARGUMENT
2817,2816,ARGUMENT
2819,2817,ARGUMENT
2819,2818,ARGUMENT
2821,2819,ARGUMENT
2821,2820,ARGUMENT
2823,2821,ARGUMENT
2823,2822,ARGUMENT
2824,2823,ARGUMENT
2825,2824,ARGUMENT
2825,2813,ARGUMENT
2828,2827,ARGUMENT
2830,2828,ARGUMENT
2830,2829,ARGUMENT
2832,2830,ARGUMENT
2832,2831,ARGUMENT
2833,2832,ARGUMENT
2835,2833,ARGUMENT
2835,2834,ARGUMENT
2837,2835,ARGUMENT
2837,2836,ARGUMENT
2839,2837,ARGUMENT
2839,2838,ARGUMENT
2841,2839,ARGUMENT
2841,2840,ARGUMENT
2842,2841,ARGUMENT
2843,2826,ARGUMENT
2843,2842,ARGUMENT
2845,2844,ARGUMENT
2848,2846,ARGUMENT
2848,2847,ARGUMENT
2850,2848,ARGUMENT
2850,2849,ARGUMENT
2852,2850,ARGUMENT
2852,2851,ARGUMENT
2854,2852,ARGUMENT
2854,2853,ARGUMENT
2855,2854,ARGUMENT
2856,2855,ARGUMENT
2856,2845,ARGUMENT
2858,2857,ARGUMENT
2860,2859,ARGUMENT
2862,2860,ARGUMENT
2862,2861,ARGUMENT
2864,2862,ARGUMENT
2864,2863,ARGUMENT
2865,2864,ARGUMENT
2867,2865,ARGUMENT
2867,2866,ARGUMENT
2869,2867,ARGUMENT
2869,2868,ARGUMENT
2871,2869,ARGUMENT
2871,2870,ARGUMENT
2873,2871,ARGUMENT
2873,2872,ARGUMENT
2874,2873,ARGUMENT
2875,2874,ARGUMENT
2875,2858,ARGUMENT
2879,2878,ARGUMENT
2881,2879,ARGUMENT
2881,2880,ARGUMENT
2883,2881,ARGUMENT
2883,2882,ARGUMENT
2884,2883,ARGUMENT
2885,2877,ARGUMENT
2885,2884,ARGUMENT
2886,2876,ARGUMENT
2886,2885,ARGUMENT
2889,2888,ARGUMENT
2891,2889,ARGUMENT
2891,2890,ARGUMENT
2893,2891,ARGUMENT
2893,2892,ARGUMENT
2895,2893,ARGUMENT
2895,2894,ARGUMENT
2897,2895,ARGUMENT
2897,2896,ARGUMENT
2898,2897,ARGUMENT
2899,2898,ARGUMENT
2899,2887,ARGUMENT
2901,2908,ARGUMENT
2901,2915,ARGUMENT
2903,2902,ARGUMENT
2905,2903,ARGUMENT
2905,2904,ARGUMENT
2907,2905,ARGUMENT
2907,2906,ARGUMENT
2908,2907,ARGUMENT
2910,2909,ARGUMENT
2912,2910,ARGUMENT
2912,2911,ARGUMENT
2914,2912,ARGUMENT
2914,2913,ARGUMENT
2915,2914,ARGUMENT
2916,2900,ARGUMENT
2916,2901,ARGUMENT
2919,2918,ARGUMENT
2920,2919,ARGUMENT
2920,2917,ARGUMENT
2923,2922,ARGUMENT
2925,2923,ARGUMENT
2925,2924,ARGUMENT
2926,2921,ARGUMENT
2926,2925,ARGUMENT
2928,2934,ARGUMENT
2928,2935,ARGUMENT
2930,2929,ARGUMENT
2932,2930,ARGUMENT
2932,2931,ARGUMENT
2934,2932,ARGUMENT
2934,2933,ARGUMENT
2936,2927,ARGUMENT
2936,2928,ARGUMENT
2939,2938,ARGUMENT
2940,2939,ARGUMENT
2940,2937,ARGUMENT
2943,2942,ARGUMENT
2945,2943,ARGUMENT
2945,2944,ARGUMENT
2946,2941,ARGUMENT
2946,2945,ARGUMENT
2948,2960,ARGUMENT
2948,2961,ARGUMENT
2950,2949,ARGUMENT
2952,2950,ARGUMENT
2952,2951,ARGUMENT
2954,2952,ARGUMENT
2954,2953,ARGUMENT
2955,2954,ARGUMENT
2957,2955,ARGUMENT
2957,2956,ARGUMENT
2959,2957,ARGUMENT
2959,2958,ARGUMENT
2960,2959,ARGUMENT
2962,2947,ARGUMENT
2962,2948,ARGUMENT
2964,2965,ARGUMENT
2964,2966,ARGUMENT
2964,2967,ARGUMENT
2968,2963,ARGUMENT
2968,2964,ARGUMENT
2971,2970,ARGUMENT
2973,2971,ARGUMENT
2973,2972,ARGUMENT
2975,2973,ARGUMENT
2975,2974,ARGUMENT
2976,2975,ARGUMENT
2977,2976,ARGUMENT
2977,2969,ARGUMENT
2980,2979,ARGUMENT
2982,2980,ARGUMENT
2982,2981,ARGUMENT
2984,2982,ARGUMENT
2984,2983,ARGUMENT
2986,2984,ARGUMENT
2986,2985,ARGUMENT
2988,2986,ARGUMENT
2988,2987,ARGUMENT
2989,2988,ARGUMENT
2991,2989,ARGUMENT
2991,2990,ARGUMENT
2992,2978,ARGUMENT
2992,2991,ARGUMENT
2995,2994,ARGUMENT
2997,2995,ARGUMENT
2997,2996,ARGUMENT
2999,2997,ARGUMENT
2999,2998,ARGUMENT
3000,2999,ARGUMENT
3001,3000,ARGUMENT
3001,2993,ARGUMENT
3004,3003,ARGUMENT
3006,3004,ARGUMENT
3006,3005,ARGUMENT
3008,3006,ARGUMENT
3008,3007,ARGUMENT
3010,3008,ARGUMENT
3010,3009,ARGUMENT
3012,3010,ARGUMENT
3012,3011,ARGUMENT
3013,3012,ARGUMENT
3015,3013,ARGUMENT
3015,3014,ARGUMENT
3016,3002,ARGUMENT
3016,3015,ARGUMENT
3020,3019,ARGUMENT
3022,3020,ARGUMENT
3022,3021,ARGUMENT
3024,3022,ARGUMENT
3024,3023,ARGUMENT
3026,3024,ARGUMENT
3026,3025,ARGUMENT
3028,3026,ARGUMENT
3028,3027,ARGUMENT
3029,3028,ARGUMENT
3030,3018,ARGUMENT
3030,3029,ARGUMENT
3031,3017,ARGUMENT
3031,3030,ARGUMENT
3034,3033,ARGUMENT
3036,3034,ARGUMENT
3036,3035,ARGUMENT
3038,3036,ARGUMENT
3038,3037,ARGUMENT
3039,3038,ARGUMENT
3040,3039,ARGUMENT
3040,3032,ARGUMENT
3043,3042,ARGUMENT
3045,3043,ARGUMENT
3045,3044,ARGUMENT
3046,3041,ARGUMENT
3046,3045,ARGUMENT
3048,3047,ARGUMENT
3050,3049,ARGUMENT
3051,3050,ARGUMENT
3051,3048,ARGUMENT
3054,3053,ARGUMENT
3056,3054,ARGUMENT
3056,3055,ARGUMENT
3058,3056,ARGUMENT
3058,3057,ARGUMENT
3060,3058,ARGUMENT
3060,3059,ARGUMENT
3062,3060,ARGUMENT
3062,3061,ARGUMENT
3063,3062,ARGUMENT
3064,3052,ARGUMENT
3064,3063,ARGUMENT
3067,3066,ARGUMENT
3069,3067,ARGUMENT
3069,3068,ARGUMENT
3071,3069,ARGUMENT
3071,3070,ARGUMENT
3073,3071,ARGUMENT
3073,3072,ARGUMENT
3075,3073,ARGUMENT
3075,3074,ARGUMENT
3076,3075,ARGUMENT
3077,3065,ARGUMENT
3077,3076,ARGUMENT
3081,3079,ARGUMENT
3081,3080,ARGUMENT
3083,3081,ARGUMENT
3083,3082,ARGUMENT
3085,3083,ARGUMENT
3085,3084,ARGUMENT
3087,3085,ARGUMENT
3087,3086,ARGUMENT
3088,3087,ARGUMENT
3089,3088,ARGUMENT
3089,3078,ARGUMENT
3092,3091,ARGUMENT
3094,3092,ARGUMENT
3094,3093,ARGUMENT
3096,3094,ARGUMENT
3096,3095,ARGUMENT
3098,3096,ARGUMENT
3098,3097,ARGUMENT
3100,3098,ARGUMENT
3100,3099,ARGUMENT
3101,3100,ARGUMENT
3102,3090,ARGUMENT
3102,3101,ARGUMENT
3105,3104,ARGUMENT
3107,3105,ARGUMENT
3107,3106,ARGUMENT
3109,3107,ARGUMENT
3109,3108,ARGUMENT
3111,3109,ARGUMENT
3111,3110,ARGUMENT
3113,3111,ARGUMENT
3113,3112,ARGUMENT
3114,3113,ARGUMENT
3115,3103,ARGUMENT
3115,3114,ARGUMENT
3119,3117,ARGUMENT
3119,3118,ARGUMENT
3121,3119,ARGUMENT
3121,3120,ARGUMENT
3123,3121,ARGUMENT
3123,3122,ARGUMENT
3125,3123,ARGUMENT
3125,3124,ARGUMENT
3126,3125,ARGUMENT
3127,3126,ARGUMENT
3127,3116,ARGUMENT
3129,3128,ARGUMENT
3131,3130,ARGUMENT
3132,3131,ARGUMENT
3132,3129,ARGUMENT
3133,3134,ARGUMENT
3201,3200,ARGUMENT
3202,3201,ARGUMENT
3202,3199,ARGUMENT
3205,3204,ARGUMENT
3206,3205,ARGUMENT
3206,3203,ARGUMENT
3209,3208,ARGUMENT
3210,3209,ARGUMENT
3210,3207,ARGUMENT
3213,3212,ARGUMENT
3214,3213,ARGUMENT
3214,3211,ARGUMENT
3216,3215,ARGUMENT
3218,3217,ARGUMENT
3219,3218,ARGUMENT
3219,3216,ARGUMENT
3221,3223,ARGUMENT
3221,3224,ARGUMENT
3223,3222,ARGUMENT
3225,3220,ARGUMENT
3225,3221,ARGUMENT
3228,3227,ARGUMENT
3229,3228,ARGUMENT
3229,3226,ARGUMENT
3232,3231,ARGUMENT
3234,3232,ARGUMENT
3234,3233,ARGUMENT
3235,3230,ARGUMENT
3235,3234,ARGUMENT
3238,3237,ARGUMENT
3240,3238,ARGUMENT
3240,3239,ARGUMENT
3241,3236,ARGUMENT
3241,3240,ARGUMENT
3243,3245,ARGUMENT
3243,3246,ARGUMENT
3245,3244,ARGUMENT
3247,3242,ARGUMENT
3247,3243,ARGUMENT
3250,3249,ARGUMENT
3251,3250,ARGUMENT
3251,3248,ARGUMENT
3253,3252,ARGUMENT
3255,3254,ARGUMENT
3256,3255,ARGUMENT
3256,3253,ARGUMENT
3259,3258,ARGUMENT
3261,3259,ARGUMENT
3261,3260,ARGUMENT
3262,3257,ARGUMENT
3262,3261,ARGUMENT
3264,3263,ARGUMENT
3266,3264,ARGUMENT
3266,3265,ARGUMENT
3268,3266,ARGUMENT
3268,3267,ARGUMENT
3269,3268,ARGUMENT
3271,3270,ARGUMENT
3272,3271,ARGUMENT
3272,3269,ARGUMENT
3275,3274,ARGUMENT
3276,3275,ARGUMENT
3276,3273,ARGUMENT
3279,3278,ARGUMENT
3281,3279,ARGUMENT
3281,3280,ARGUMENT
3282,3277,ARGUMENT
3282,3281,ARGUMENT
3286,3285,ARGUMENT
3287,3286,ARGUMENT
3288,3284,ARGUMENT
3288,3287,ARGUMENT
3289,3283,ARGUMENT
3289,3288,ARGUMENT
3293,3291,ARGUMENT
3293,3292,ARGUMENT
3294,3290,ARGUMENT
3294,3293,ARGUMENT
3296,3298,ARGUMENT
3296,3299,ARGUMENT
3298,3297,ARGUMENT
3300,3295,ARGUMENT
3300,3296,ARGUMENT
3304,3302,ARGUMENT
3304,3303,ARGUMENT
3305,3301,ARGUMENT
3305,3304,ARGUMENT
3307,3309,ARGUMENT
3307,3310,ARGUMENT
3309,3308,ARGUMENT
3311,3306,ARGUMENT
3311,3307,ARGUMENT
3315,3313,ARGUMENT
3315,3314,ARGUMENT
3316,3312,ARGUMENT
3316,3315,ARGUMENT
3319,3318,ARGUMENT
3320,3319,ARGUMENT
3320,3317,ARGUMENT
3323,3322,ARGUMENT
3325,3323,ARGUMENT
3325,3324,ARGUMENT
3326,3321,ARGUMENT
3326,3325,ARGUMENT
3329,3328,ARGUMENT
3331,3329,ARGUMENT
3331,3330,ARGUMENT
3333,3331,ARGUMENT
3333,3332,ARGUMENT
3334,3333,ARGUMENT
3335,3334,ARGUMENT
3335,3327,ARGUMENT
3337,3339,ARGUMENT
3337,3340,ARGUMENT
3339,3338,ARGUMENT
3341,3336,ARGUMENT
3341,3337,ARGUMENT
3345,3343,ARGUMENT
3345,3344,ARGUMENT
3346,3342,ARGUMENT
3346,3345,ARGUMENT
3348,3355,ARGUMENT
3348,3357,ARGUMENT
3350,3349,ARGUMENT
3352,3350,ARGUMENT
3352,3351,ARGUMENT
3354,3352,ARGUMENT
3354,3353,ARGUMENT
3355,3354,ARGUMENT
3357,3356,ARGUMENT
3358,3347,ARGUMENT
3358,3348,ARGUMENT
3361,3360,ARGUMENT
3362,3361,ARGUMENT
3362,3359,ARGUMENT
3364,3366,ARGUMENT
3364,3367,ARGUMENT
3366,3365,ARGUMENT
3368,3363,ARGUMENT
3368,3364,ARGUMENT
3371,3370,ARGUMENT
3372,3371,ARGUMENT
3372,3369,ARGUMENT
3375,3374,ARGUMENT
3377,3375,ARGUMENT
3377,3376,ARGUMENT
3378,3373,ARGUMENT
3378,3377,ARGUMENT
3380,3382,ARGUMENT
3380,3383,ARGUMENT
3382,3381,ARGUMENT
3384,3379,ARGUMENT
3384,3380,ARGUMENT
3388,3386,ARGUMENT
3388,3387,ARGUMENT
3389,3385,ARGUMENT
3389,3388,ARGUMENT
3391,3393,ARGUMENT
3391,3394,ARGUMENT
3393,3392,ARGUMENT
3395,3390,ARGUMENT
3395,3391,ARGUMENT
3399,3397,ARGUMENT
3399,3398,ARGUMENT
3400,3396,ARGUMENT
3400,3399,ARGUMENT
3403,3402,ARGUMENT
3404,3403,ARGUMENT
3404,3401,ARGUMENT
3407,3406,ARGUMENT
3409,3407,ARGUMENT
3409,3408,ARGUMENT
3410,3405,ARGUMENT
3410,3409,ARGUMENT
3413,3412,ARGUMENT
3415,3413,ARGUMENT
3415,3414,ARGUMENT
3417,3415,ARGUMENT
3417,3416,ARGUMENT
3418,3417,ARGUMENT
3419,3418,ARGUMENT
3419,3411,ARGUMENT
3421,3420,ARGUMENT
3423,3421,ARGUMENT
3423,3422,ARGUMENT
3425,3424,ARGUMENT
3426,3425,ARGUMENT
3426,3423,ARGUMENT
3429,3427,ARGUMENT
3429,3428,ARGUMENT
3433,3432,ARGUMENT
3434,3433,ARGUMENT
3435,3431,ARGUMENT
3435,3434,ARGUMENT
3436,3430,ARGUMENT
3436,3435,ARGUMENT
3440,3438,ARGUMENT
3440,3439,ARGUMENT
3441,3437,ARGUMENT
3441,3440,ARGUMENT
3445,3444,ARGUMENT
3447,3445,ARGUMENT
3447,3446,ARGUMENT
3448,3447,ARGUMENT
3449,3443,ARGUMENT
3449,3448,ARGUMENT
3450,3442,ARGUMENT
3450,3449,ARGUMENT
3454,3452,ARGUMENT
3454,3453,ARGUMENT
3455,3451,ARGUMENT
3455,3454,ARGUMENT
3459,3457,ARGUMENT
3459,3458,ARGUMENT
3460,3456,ARGUMENT
3460,3459,ARGUMENT
3462,3461,ARGUMENT
3464,3462,ARGUMENT
3464,3463,ARGUMENT
3466,3465,ARGUMENT
3467,3466,ARGUMENT
3467,3464,ARGUMENT
3469,3471,ARGUMENT
3469,3472,ARGUMENT
3471,3470,ARGUMENT
3473,3468,ARGUMENT
3473,3469,ARGUMENT
3477,3475,ARGUMENT
3477,3476,ARGUMENT
3478,3474,ARGUMENT
3478,3477,ARGUMENT
3480,3482,ARGUMENT
3480,3483,ARGUMENT
3482,3481,ARGUMENT
3484,3479,ARGUMENT
3484,3480,ARGUMENT
3488,3486,ARGUMENT
3488,3487,ARGUMENT
3489,3485,ARGUMENT
3489,3488,ARGUMENT
3492,3491,ARGUMENT
3493,3492,ARGUMENT
3494,3493,ARGUMENT
3494,3490,ARGUMENT
3497,3496,ARGUMENT
3499,3497,ARGUMENT
3499,3498,ARGUMENT
3500,3495,ARGUMENT
3500,3499,ARGUMENT
3502,3501,ARGUMENT
3504,3503,ARGUMENT
3506,3504,ARGUMENT
3506,3505,ARGUMENT
3508,3506,ARGUMENT
3508,3507,ARGUMENT
3509,3508,ARGUMENT
3510,3509,ARGUMENT
3510,3502,ARGUMENT
3513,3512,ARGUMENT
3514,3513,ARGUMENT
3514,3511,ARGUMENT
3517,3516,ARGUMENT
3519,3517,ARGUMENT
3519,3518,ARGUMENT
3520,3519,ARGUMENT
3522,3520,ARGUMENT
3522,3521,ARGUMENT
3523,3515,ARGUMENT
3523,3522,ARGUMENT
3525,3527,ARGUMENT
3525,3528,ARGUMENT
3527,3526,ARGUMENT
3529,3524,ARGUMENT
3529,3525,ARGUMENT
3533,3531,ARGUMENT
3533,3532,ARGUMENT
3534,3530,ARGUMENT
3534,3533,ARGUMENT
3537,3536,ARGUMENT
3538,3537,ARGUMENT
3539,3538,ARGUMENT
3539,3535,ARGUMENT
3542,3541,ARGUMENT
3544,3542,ARGUMENT
3544,3543,ARGUMENT
3545,3540,ARGUMENT
3545,3544,ARGUMENT
3548,3547,ARGUMENT
3550,3548,ARGUMENT
3550,3549,ARGUMENT
3552,3550,ARGUMENT
3552,3551,ARGUMENT
3553,3552,ARGUMENT
3555,3553,ARGUMENT
3555,3554,ARGUMENT
3556,3546,ARGUMENT
3556,3555,ARGUMENT
3558,3560,ARGUMENT
3558,3561,ARGUMENT
3560,3559,ARGUMENT
3562,3557,ARGUMENT
3562,3558,ARGUMENT
3565,3564,ARGUMENT
3567,3565,ARGUMENT
3567,3566,ARGUMENT
3569,3567,ARGUMENT
3569,3568,ARGUMENT
3570,3569,ARGUMENT
3571,3570,ARGUMENT
3571,3563,ARGUMENT
3572,3574,ARGUMENT
3574,3573,ARGUMENT
3637,3636,ARGUMENT
3638,3637,ARGUMENT
3638,3635,ARGUMENT
3642,3641,ARGUMENT
3644,3642,ARGUMENT
3644,3643,ARGUMENT
3645,3644,ARGUMENT
3646,3640,ARGUMENT
3646,3645,ARGUMENT
3647,3639,ARGUMENT
3647,3646,ARGUMENT
3651,3650,ARGUMENT
3653,3651,ARGUMENT
3653,3652,ARGUMENT
3654,3653,ARGUMENT
3655,3649,ARGUMENT
3655,3654,ARGUMENT
3656,3648,ARGUMENT
3656,3655,ARGUMENT
3660,3658,ARGUMENT
3660,3659,ARGUMENT
3661,3657,ARGUMENT
3661,3660,ARGUMENT
3665,3663,ARGUMENT
3665,3664,ARGUMENT
3666,3662,ARGUMENT
3666,3665,ARGUMENT
3670,3669,ARGUMENT
3672,3670,ARGUMENT
3672,3671,ARGUMENT
3673,3672,ARGUMENT
3674,3668,ARGUMENT
3674,3673,ARGUMENT
3675,3667,ARGUMENT
3675,3674,ARGUMENT
3679,3677,ARGUMENT
3679,3678,ARGUMENT
3680,3676,ARGUMENT
3680,3679,ARGUMENT
3684,3682,ARGUMENT
3684,3683,ARGUMENT
3685,3681,ARGUMENT
3685,3684,ARGUMENT
3689,3688,ARGUMENT
3691,3689,ARGUMENT
3691,3690,ARGUMENT
3692,3691,ARGUMENT
3693,3687,ARGUMENT
3693,3692,ARGUMENT
3694,3686,ARGUMENT
3694,3693,ARGUMENT
3698,3696,ARGUMENT
3698,3697,ARGUMENT
3699,3695,ARGUMENT
3699,3698,ARGUMENT
3703,3701,ARGUMENT
3703,3702,ARGUMENT
3704,3700,ARGUMENT
3704,3703,ARGUMENT
3705,3706,ARGUMENT
3766,3765,ARGUMENT
3767,3766,ARGUMENT
3767,3764,ARGUMENT
3770,3769,ARGUMENT
3771,3770,ARGUMENT
3771,3768,ARGUMENT
3773,3780,ARGUMENT
3773,3781,ARGUMENT
3775,3774,ARGUMENT
3777,3775,ARGUMENT
3777,3776,ARGUMENT
3779,3777,ARGUMENT
3779,3778,ARGUMENT
3780,3779,ARGUMENT
3782,3772,ARGUMENT
3782,3773,ARGUMENT
3785,3784,ARGUMENT
3786,3785,ARGUMENT
3786,3783,ARGUMENT
3789,3788,ARGUMENT
3791,3789,ARGUMENT
3791,3790,ARGUMENT
3792,3787,ARGUMENT
3792,3791,ARGUMENT
3794,3796,ARGUMENT
3796,3795,ARGUMENT
3797,3793,ARGUMENT
3797,3794,ARGUMENT
3800,3799,ARGUMENT
3801,3800,ARGUMENT
3801,3798,ARGUMENT
3805,3803,ARGUMENT
3805,3804,ARGUMENT
3806,3802,ARGUMENT
3806,3805,ARGUMENT
3809,3808,ARGUMENT
3811,3809,ARGUMENT
3811,3810,ARGUMENT
3812,3807,ARGUMENT
3812,3811,ARGUMENT
3816,3815,ARGUMENT
3818,3816,ARGUMENT
3818,3817,ARGUMENT
3819,3818,ARGUMENT
3820,3814,ARGUMENT
3820,3819,ARGUMENT
3821,3813,ARGUMENT
3821,3820,ARGUMENT
3825,3823,ARGUMENT
3825,3824,ARGUMENT
3826,3822,ARGUMENT
3826,3825,ARGUMENT
3828,3830,ARGUMENT
3830,3829,ARGUMENT
3831,3827,ARGUMENT
3831,3828,ARGUMENT
3834,3833,ARGUMENT
3835,3834,ARGUMENT
3835,3832,ARGUMENT
3838,3837,ARGUMENT
3840,3839,ARGUMENT
3841,3838,ARGUMENT
3841,3840,ARGUMENT
3842,3836,ARGUMENT
3842,3841,ARGUMENT
3846,3844,ARGUMENT
3846,3845,ARGUMENT
3847,3843,ARGUMENT
3847,3846,ARGUMENT
3849,3856,ARGUMENT
3849,3857,ARGUMENT
3851,3850,ARGUMENT
3853,3851,ARGUMENT
3853,3852,ARGUMENT
3855,3853,ARGUMENT
3855,3854,ARGUMENT
3856,3855,ARGUMENT
3858,3848,ARGUMENT
3858,3849,ARGUMENT
3861,3860,ARGUMENT
3862,3861,ARGUMENT
3862,3859,ARGUMENT
3864,3863,ARGUMENT
3866,3865,ARGUMENT
3867,3866,ARGUMENT
3867,3864,ARGUMENT
3869,3868,ARGUMENT
3871,3870,ARGUMENT
3872,3869,ARGUMENT
3872,3871,ARGUMENT
3874,3872,ARGUMENT
3874,3873,ARGUMENT
3876,3875,ARGUMENT
3877,3876,ARGUMENT
3877,3874,ARGUMENT
3879,3878,ARGUMENT
3881,3880,ARGUMENT
3882,3881,ARGUMENT
3882,3879,ARGUMENT
3885,3884,ARGUMENT
3887,3886,ARGUMENT
3888,3885,ARGUMENT
3888,3887,ARGUMENT
3889,3883,ARGUMENT
3889,3888,ARGUMENT
3891,3890,ARGUMENT
3892,3891,ARGUMENT
3894,3893,ARGUMENT
3895,3894,ARGUMENT
3896,3895,ARGUMENT
3896,3892,ARGUMENT
3898,3897,ARGUMENT
3900,3898,ARGUMENT
3900,3899,ARGUMENT
3902,3901,ARGUMENT
3903,3902,ARGUMENT
3903,3900,ARGUMENT
3905,3904,ARGUMENT
3907,3905,ARGUMENT
3907,3906,ARGUMENT
3909,3908,ARGUMENT
3910,3909,ARGUMENT
3910,3907,ARGUMENT
3913,3912,ARGUMENT
3914,3911,ARGUMENT
3914,3913,ARGUMENT
3917,3915,ARGUMENT
3917,3916,ARGUMENT
3919,3918,ARGUMENT
3920,3919,ARGUMENT
3920,3917,ARGUMENT
3923,3922,ARGUMENT
3924,3923,ARGUMENT
3924,3921,ARGUMENT
3926,3925,ARGUMENT
3928,3927,ARGUMENT
3929,3928,ARGUMENT
3929,3926,ARGUMENT
3931,3930,ARGUMENT
3933,3932,ARGUMENT
3934,3931,ARGUMENT
3934,3933,ARGUMENT
3936,3935,ARGUMENT
3937,3936,ARGUMENT
3937,3934,ARGUMENT
3940,3939,ARGUMENT
3942,3941,ARGUMENT
3943,3940,ARGUMENT
3943,3942,ARGUMENT
3944,3938,ARGUMENT
3944,3943,ARGUMENT
3946,3945,ARGUMENT
3947,3946,ARGUMENT
3949,3948,ARGUMENT
3950,3949,ARGUMENT
3951,3950,ARGUMENT
3951,3947,ARGUMENT
3953,3952,ARGUMENT
3955,3953,ARGUMENT
3955,3954,ARGUMENT
3957,3956,ARGUMENT
3958,3957,ARGUMENT
3958,3955,ARGUMENT
3960,3959,ARGUMENT
3962,3960,ARGUMENT
3962,3961,ARGUMENT
3964,3963,ARGUMENT
3965,3964,ARGUMENT
3965,3962,ARGUMENT
3968,3967,ARGUMENT
3969,3966,ARGUMENT
3969,3968,ARGUMENT
3972,3970,ARGUMENT
3972,3971,ARGUMENT
3974,3973,ARGUMENT
3975,3974,ARGUMENT
3975,3972,ARGUMENT
3978,3977,ARGUMENT
3979,3978,ARGUMENT
3979,3976,ARGUMENT
3982,3981,ARGUMENT
3983,3982,ARGUMENT
3984,3983,ARGUMENT
3984,3980,ARGUMENT
4028,4027,ARGUMENT
4029,4028,ARGUMENT
4029,4026,ARGUMENT
4032,4031,ARGUMENT
4033,4032,ARGUMENT
4033,4030,ARGUMENT
4036,4035,ARGUMENT
4037,4036,ARGUMENT
4037,4034,ARGUMENT
4040,4039,ARGUMENT
4041,4040,ARGUMENT
4041,4038,ARGUMENT
4044,4043,ARGUMENT
4045,4044,ARGUMENT
4045,4042,ARGUMENT
4048,4047,ARGUMENT
4049,4048,ARGUMENT
4049,4046,ARGUMENT
4052,4051,ARGUMENT
4053,4052,ARGUMENT
4053,4050,ARGUMENT
4056,4055,ARGUMENT
4057,4056,ARGUMENT
4057,4054,ARGUMENT
4061,4060,ARGUMENT
4063,4061,ARGUMENT
4063,4062,ARGUMENT
4065,4063,ARGUMENT
4065,4064,ARGUMENT
4067,4065,ARGUMENT
4067,4066,ARGUMENT
4069,4067,ARGUMENT
4069,4068,ARGUMENT
4070,4069,ARGUMENT
4071,4059,ARGUMENT
4071,4070,ARGUMENT
4072,4058,ARGUMENT
4072,4071,ARGUMENT
4075,4074,ARGUMENT
4077,4075,ARGUMENT
4077,4076,ARGUMENT
4079,4077,ARGUMENT
4079,4078,ARGUMENT
4080,4079,ARGUMENT
4082,4080,ARGUMENT
4082,4081,ARGUMENT
4083,4073,ARGUMENT
4083,4082,ARGUMENT
4087,4085,ARGUMENT
4087,4086,ARGUMENT
4088,4084,ARGUMENT
4088,4087,ARGUMENT
4091,4090,ARGUMENT
4092,4091,ARGUMENT
4092,4089,ARGUMENT
4095,4094,ARGUMENT
4097,4095,ARGUMENT
4097,4096,ARGUMENT
4098,4093,ARGUMENT
4098,4097,ARGUMENT
4101,4100,ARGUMENT
4103,4101,ARGUMENT
4103,4102,ARGUMENT
4104,4099,ARGUMENT
4104,4103,ARGUMENT
4106,4113,ARGUMENT
4106,4120,ARGUMENT
4106,4122,ARGUMENT
4108,4107,ARGUMENT
4110,4108,ARGUMENT
4110,4109,ARGUMENT
4112,4110,ARGUMENT
4112,4111,ARGUMENT
4113,4112,ARGUMENT
4115,4114,ARGUMENT
4117,4115,ARGUMENT
4117,4116,ARGUMENT
4119,4117,ARGUMENT
4119,4118,ARGUMENT
4120,4119,ARGUMENT
4122,4121,ARGUMENT
4123,4105,ARGUMENT
4123,4106,ARGUMENT
4126,4125,ARGUMENT
4128,4126,ARGUMENT
4128,4127,ARGUMENT
4130,4128,ARGUMENT
4130,4129,ARGUMENT
4131,4130,ARGUMENT
4132,4131,ARGUMENT
4132,4124,ARGUMENT
4136,4135,ARGUMENT
4137,4134,ARGUMENT
4137,4136,ARGUMENT
4138,4133,ARGUMENT
4138,4137,ARGUMENT
4140,4147,ARGUMENT
4140,4148,ARGUMENT
4140,4149,ARGUMENT
4140,4151,ARGUMENT
4142,4141,ARGUMENT
4144,4142,ARGUMENT
4144,4143,ARGUMENT
4146,4144,ARGUMENT
4146,4145,ARGUMENT
4147,4146,ARGUMENT
4151,4150,ARGUMENT
4152,4139,ARGUMENT
4152,4140,ARGUMENT
4155,4154,ARGUMENT
4156,4155,ARGUMENT
4156,4153,ARGUMENT
4158,4157,ARGUMENT
4160,4159,ARGUMENT
4161,4160,ARGUMENT
4161,4158,ARGUMENT
4165,4164,ARGUMENT
4167,4165,ARGUMENT
4167,4166,ARGUMENT
4169,4167,ARGUMENT
4169,4168,ARGUMENT
4170,4169,ARGUMENT
4172,4170,ARGUMENT
4172,4171,ARGUMENT
4174,4172,ARGUMENT
4174,4173,ARGUMENT
4176,4174,ARGUMENT
4176,4175,ARGUMENT
4178,4176,ARGUMENT
4178,4177,ARGUMENT
4179,4163,ARGUMENT
4179,4178,ARGUMENT
4181,4179,ARGUMENT
4181,4180,ARGUMENT
4182,4162,ARGUMENT
4182,4181,ARGUMENT
4184,4183,ARGUMENT
4186,4184,ARGUMENT
4186,4185,ARGUMENT
4188,4186,ARGUMENT
4188,4187,ARGUMENT
4190,4188,ARGUMENT
4190,4189,ARGUMENT
4192,4190,ARGUMENT
4192,4191,ARGUMENT
4193,4192,ARGUMENT
4194,4193,ARGUMENT
4194,4182,ARGUMENT
4197,4196,ARGUMENT
4199,4197,ARGUMENT
4199,4198,ARGUMENT
4201,4199,ARGUMENT
4201,4200,ARGUMENT
4202,4201,ARGUMENT
4204,4202,ARGUMENT
4204,4203,ARGUMENT
4206,4204,ARGUMENT
4206,4205,ARGUMENT
4208,4206,ARGUMENT
4208,4207,ARGUMENT
4210,4208,ARGUMENT
4210,4209,ARGUMENT
4211,4210,ARGUMENT
4212,4195,ARGUMENT
4212,4211,ARGUMENT
4215,4214,ARGUMENT
4217,4215,ARGUMENT
4217,4216,ARGUMENT
4219,4217,ARGUMENT
4219,4218,ARGUMENT
4221,4219,ARGUMENT
4221,4220,ARGUMENT
4223,4221,ARGUMENT
4223,4222,ARGUMENT
4224,4223,ARGUMENT
4225,4224,ARGUMENT
4225,4213,ARGUMENT
4228,4227,ARGUMENT
4230,4228,ARGUMENT
4230,4229,ARGUMENT
4232,4230,ARGUMENT
4232,4231,ARGUMENT
4233,4232,ARGUMENT
4235,4233,ARGUMENT
4235,4234,ARGUMENT
4237,4235,ARGUMENT
4237,4236,ARGUMENT
4239,4237,ARGUMENT
4239,4238,ARGUMENT
4241,4239,ARGUMENT
4241,4240,ARGUMENT
4242,4241,ARGUMENT
4243,4226,ARGUMENT
4243,4242,ARGUMENT
4245,4244,ARGUMENT
4248,4246,ARGUMENT
4248,4247,ARGUMENT
4250,4248,ARGUMENT
4250,4249,ARGUMENT
4252,4250,ARGUMENT
4252,4251,ARGUMENT
4254,4252,ARGUMENT
4254,4253,ARGUMENT
4255,4254,ARGUMENT
4256,4255,ARGUMENT
4256,4245,ARGUMENT
4258,4257,ARGUMENT
4260,4259,ARGUMENT
4262,4260,ARGUMENT
4262,4261,ARGUMENT
4264,4262,ARGUMENT
4264,4263,ARGUMENT
4265,4264,ARGUMENT
4267,4265,ARGUMENT
4267,4266,ARGUMENT
4269,4267,ARGUMENT
4269,4268,ARGUMENT
4271,4269,ARGUMENT
4271,4270,ARGUMENT
4273,4271,ARGUMENT
4273,4272,ARGUMENT
4274,4273,ARGUMENT
4275,4274,ARGUMENT
4275,4258,ARGUMENT
4277,4276,ARGUMENT
4279,4277,ARGUMENT
4279,4278,ARGUMENT
4281,4279,ARGUMENT
4281,4280,ARGUMENT
4282,4281,ARGUMENT
4284,4283,ARGUMENT
4286,4284,ARGUMENT
4286,4285,ARGUMENT
4288,4286,ARGUMENT
4288,4287,ARGUMENT
4290,4288,ARGUMENT
4290,4289,ARGUMENT
4292,4290,ARGUMENT
4292,4291,ARGUMENT
4293,4292,ARGUMENT
4294,4293,ARGUMENT
4294,4282,ARGUMENT
4298,4297,ARGUMENT
4300,4298,ARGUMENT
4300,4299,ARGUMENT
4302,4300,ARGUMENT
4302,4301,ARGUMENT
4303,4302,ARGUMENT
4304,4296,ARGUMENT
4304,4303,ARGUMENT
4305,4295,ARGUMENT
4305,4304,ARGUMENT
4308,4307,ARGUMENT
4310,4308,ARGUMENT
4310,4309,ARGUMENT
4312,4310,ARGUMENT
4312,4311,ARGUMENT
4314,4312,ARGUMENT
4314,4313,ARGUMENT
4316,4314,ARGUMENT
4316,4315,ARGUMENT
4317,4316,ARGUMENT
4318,4317,ARGUMENT
4318,4306,ARGUMENT
4321,4320,ARGUMENT
4323,4321,ARGUMENT
4323,4322,ARGUMENT
4324,4319,ARGUMENT
4324,4323,ARGUMENT
4326,4328,ARGUMENT
4326,4334,ARGUMENT
4326,4336,ARGUMENT
4328,4327,ARGUMENT
4330,4329,ARGUMENT
4332,4330,ARGUMENT
4332,4331,ARGUMENT
4334,4332,ARGUMENT
4334,4333,ARGUMENT
4336,4335,ARGUMENT
4337,4325,ARGUMENT
4337,4326,ARGUMENT
4340,4339,ARGUMENT
4341,4340,ARGUMENT
4341,4338,ARGUMENT
4344,4343,ARGUMENT
4346,4344,ARGUMENT
4346,4345,ARGUMENT
4347,4342,ARGUMENT
4347,4346,ARGUMENT
4350,4349,ARGUMENT
4351,4350,ARGUMENT
4351,4348,ARGUMENT
4354,4353,ARGUMENT
4356,4354,ARGUMENT
4356,4355,ARGUMENT
4358,4356,ARGUMENT
4358,4357,ARGUMENT
4360,4358,ARGUMENT
4360,4359,ARGUMENT
4362,4360,ARGUMENT
4362,4361,ARGUMENT
4363,4362,ARGUMENT
4365,4363,ARGUMENT
4365,4364,ARGUMENT
4366,4352,ARGUMENT
4366,4365,ARGUMENT
4369,4368,ARGUMENT
4370,4369,ARGUMENT
4370,4367,ARGUMENT
4373,4372,ARGUMENT
4375,4373,ARGUMENT
4375,4374,ARGUMENT
4376,4371,ARGUMENT
4376,4375,ARGUMENT
4379,4378,ARGUMENT
4380,4379,ARGUMENT
4380,4377,ARGUMENT
4384,4383,ARGUMENT
4385,4382,ARGUMENT
4385,4384,ARGUMENT
4386,4381,ARGUMENT
4386,4385,ARGUMENT
4389,4388,ARGUMENT
4390,4389,ARGUMENT
4390,4387,ARGUMENT
4393,4392,ARGUMENT
4395,4393,ARGUMENT
4395,4394,ARGUMENT
4396,4391,ARGUMENT
4396,4395,ARGUMENT
4399,4398,ARGUMENT
4401,4399,ARGUMENT
4401,4400,ARGUMENT
4402,4397,ARGUMENT
4402,4401,ARGUMENT
4403,4405,ARGUMENT
4405,4404,ARGUMENT
