88,90,CONTAINS
88,96,CONTAINS
88,288,CONTAINS
88,293,CONTAINS
88,298,CONTAINS
88,303,CONTAINS
88,308,CONTAINS
88,315,CONTAINS
88,317,CONTAINS
88,319,CONTAINS
88,321,CONTAINS
88,325,CONTAINS
88,327,CONTAINS
88,330,CONTAINS
88,332,CONTAINS
88,334,CONTAINS
88,336,CONTAINS
88,338,CONTAINS
88,342,CONTAINS
88,345,CONTAINS
88,347,CONTAINS
88,349,CONTAINS
90,92,CONTAINS
96,98,CONTAINS
96,128,CONTAINS
96,134,CONTAINS
96,143,CONTAINS
96,148,CONTAINS
96,153,CONTAINS
96,160,CONTAINS
96,167,CONTAINS
96,174,CONTAINS
96,178,CONTAINS
96,184,CONTAINS
96,191,CONTAINS
96,198,CONTAINS
96,202,CONTAINS
96,208,CONTAINS
96,212,CONTAINS
96,218,CONTAINS
96,224,CONTAINS
96,230,CONTAINS
96,238,CONTAINS
96,243,CONTAINS
96,248,CONTAINS
96,253,CONTAINS
96,258,CONTAINS
96,263,CONTAINS
96,276,CONTAINS
96,282,CONTAINS
96,286,CONTAINS
96,287,CONTAINS
96,127,CONTAINS
96,125,CONTAINS
96,129,CONTAINS
96,133,CONTAINS
96,135,CONTAINS
96,142,CONTAINS
96,144,CONTAINS
96,147,CONTAINS
96,152,CONTAINS
96,149,CONTAINS
96,154,CONTAINS
96,159,CONTAINS
96,161,CONTAINS
96,166,CONTAINS
96,168,CONTAINS
96,169,CONTAINS
96,177,CONTAINS
96,175,CONTAINS
96,179,CONTAINS
96,183,CONTAINS
96,185,CONTAINS
96,190,CONTAINS
96,192,CONTAINS
96,193,CONTAINS
96,201,CONTAINS
96,199,CONTAINS
96,203,CONTAINS
96,207,CONTAINS
96,211,CONTAINS
96,209,CONTAINS
96,213,CONTAINS
96,217,CONTAINS
96,219,CONTAINS
96,223,CONTAINS
96,225,CONTAINS
96,229,CONTAINS
96,231,CONTAINS
96,237,CONTAINS
96,239,CONTAINS
96,242,CONTAINS
96,244,CONTAINS
96,247,CONTAINS
96,249,CONTAINS
96,252,CONTAINS
96,254,CONTAINS
96,257,CONTAINS
96,259,CONTAINS
96,262,CONTAINS
96,275,CONTAINS
96,273,CONTAINS
96,277,CONTAINS
96,281,CONTAINS
96,285,CONTAINS
96,283,CONTAINS
96,126,CONTAINS
96,131,CONTAINS
96,132,CONTAINS
96,138,CONTAINS
96,141,CONTAINS
96,145,CONTAINS
96,146,CONTAINS
96,151,CONTAINS
96,157,CONTAINS
96,158,CONTAINS
96,164,CONTAINS
96,165,CONTAINS
96,172,CONTAINS
96,173,CONTAINS
96,176,CONTAINS
96,181,CONTAINS
96,182,CONTAINS
96,188,CONTAINS
96,189,CONTAINS
96,196,CONTAINS
96,197,CONTAINS
96,200,CONTAINS
96,205,CONTAINS
96,206,CONTAINS
96,210,CONTAINS
96,215,CONTAINS
96,216,CONTAINS
96,221,CONTAINS
96,222,CONTAINS
96,227,CONTAINS
96,228,CONTAINS
96,234,CONTAINS
96,236,CONTAINS
96,240,CONTAINS
96,241,CONTAINS
96,245,CONTAINS
96,246,CONTAINS
96,250,CONTAINS
96,251,CONTAINS
96,255,CONTAINS
96,256,CONTAINS
96,260,CONTAINS
96,261,CONTAINS
96,274,CONTAINS
96,272,CONTAINS
96,279,CONTAINS
96,280,CONTAINS
96,284,CONTAINS
96,130,CONTAINS
96,137,CONTAINS
96,140,CONTAINS
96,150,CONTAINS
96,156,CONTAINS
96,163,CONTAINS
96,171,CONTAINS
96,180,CONTAINS
96,187,CONTAINS
96,195,CONTAINS
96,204,CONTAINS
96,214,CONTAINS
96,220,CONTAINS
96,226,CONTAINS
96,233,CONTAINS
96,235,CONTAINS
96,270,CONTAINS
96,271,CONTAINS
96,278,CONTAINS
96,136,CONTAINS
96,139,CONTAINS
96,155,CONTAINS
96,162,CONTAINS
96,170,CONTAINS
96,186,CONTAINS
96,194,CONTAINS
96,232,CONTAINS
96,268,CONTAINS
96,269,CONTAINS
96,266,CONTAINS
96,267,CONTAINS
96,265,CONTAINS
96,264,CONTAINS
288,290,CONTAINS
293,295,CONTAINS
298,300,CONTAINS
303,305,CONTAINS
308,310,CONTAINS
353,355,CONTAINS
357,360,CONTAINS
362,365,CONTAINS
367,369,CONTAINS
371,374,CONTAINS
376,379,CONTAINS
381,384,CONTAINS
386,389,CONTAINS
391,394,CONTAINS
396,399,CONTAINS
401,404,CONTAINS
406,409,CONTAINS
